epoch,split,loss,acc,bal_acc,precision0,recall0,f1_0,precision1,recall1,f1_1,pos_rate_train,pos_weight,cached_on_gpu,amp
1,train,0.2094335071780076,0.7962649284933211,0.7963165298749497,0.730788514891199,0.9378834026854275,0.8214849327421657,0.9134074871426863,0.6547496570644719,0.7627465667915106,0.7429618988400266,0.3459640443325043,1,1
1,val,0.22105809165162565,0.7166464155528554,0.7915561773526663,0.4704616120545324,0.9434052757793765,0.6278327481646984,0.9708570017288219,0.639707078925956,0.7712379831273298,0.7429618988400266,0.3459640443325043,1,1
2,train,0.17260721467221135,0.8326507858230237,0.8320025404480369,0.7644232396034244,0.9640266279764445,0.8526997187989507,0.9506613601779235,0.6999784529196293,0.8062842818495445,0.7429618988400266,0.3459640443325043,1,1
2,val,0.19900169689774078,0.7656136087484812,0.8297340646603953,0.5202808112324493,0.9597122302158273,0.6747597369752149,0.9808394160583942,0.6997558991049634,0.8167917181118816,0.7429618988400266,0.3459640443325043,1,1
3,train,0.20416077918069983,0.8615750766525869,0.8616000936952717,0.852247496962842,0.874146006101491,0.8630578652638724,0.871354532677442,0.8490541812890525,0.8600598257250618,0.7429618988400266,0.3459640443325043,1,1
3,val,0.16512945510202595,0.8512758201701094,0.8571523903741125,0.6558089033659066,0.8690647482014389,0.7475247524752476,0.9500640204865557,0.845240032546786,0.8945918015845676,0.7429618988400266,0.3459640443325043,1,1
4,train,0.16765509491679767,0.8563434035892707,0.8572001230856321,0.8016641508044623,0.9431281673669164,0.8666613596561057,0.9325906150528802,0.7712720788043478,0.8442946781315361,0.7429618988400266,0.3459640443325043,1,1
4,val,0.17160350512328443,0.8170109356014581,0.8560717902488424,0.5871725383920506,0.935251798561151,0.7214206437291897,0.9724994907313098,0.7768917819365337,0.8637597249864302,0.7429618988400266,0.3459640443325043,1,1
5,train,0.17954309974487576,0.8285555007611656,0.8296817513070969,0.7612740351362567,0.9526962693672639,0.8462957979316443,0.9383287253850928,0.7066672332469298,0.8061857669187512,0.7429618988400266,0.3459640443325043,1,1
5,val,0.20419159720981106,0.7687727825030377,0.8285223407929474,0.5240868184224458,0.9496402877697842,0.6754221388367729,0.9764150943396226,0.7074043938161106,0.8204208738322166,0.7429618988400266,0.3459640443325043,1,1
6,train,0.16744807021841643,0.8576513218550998,0.8577576832223379,0.8043351122158052,0.9447855394787686,0.8689214002250785,0.9333022146154245,0.7707298269659072,0.8442609491191442,0.7429618988400266,0.3459640443325043,1,1
6,val,0.17598943130213898,0.8080194410692588,0.8503675172148693,0.5742865548690791,0.93621103117506,0.711889132020423,0.9724694680190437,0.7645240032546786,0.8560495626822158,0.7429618988400266,0.3459640443325043,1,1
7,train,0.15572235247838298,0.851304702073372,0.8515184677075083,0.7841098748261475,0.9688104137131074,0.8667294425120589,0.9593937021086191,0.734226521701909,0.8318420988821804,0.7429618988400266,0.3459640443325043,1,1
7,val,0.1787643072056162,0.7910085054678008,0.8486410546095264,0.5498497678229992,0.9654676258992806,0.7006613296206058,0.9842416283650689,0.7318144833197722,0.8394623856636177,0.7429618988400266,0.3459640443325043,1,1
8,train,0.16281476786737595,0.8471450931623749,0.8478601329749458,0.7835496304678383,0.9564879564879565,0.8614248226261055,0.9450980392156862,0.739232309461935,0.8295842994764898,0.7429618988400266,0.3459640443325043,1,1
8,val,0.18506289813961757,0.7912515188335358,0.8440505528856004,0.5509863851069742,0.9510791366906475,0.6977480647431387,0.9779745195422155,0.7370219690805533,0.8405716406829993,0.7429618988400266,0.3459640443325043,1,1
9,train,0.15912114082904288,0.838289843264221,0.839006141420446,0.7621359223300971,0.981165416774416,0.8578911667169129,0.9739400083487387,0.6968468660664761,0.8124160573048799,0.7429618988400266,0.3459640443325043,1,1
9,val,0.20017786631462495,0.7639125151883354,0.83350660399264,0.5181030086690463,0.9745803357314149,0.6765440319627102,0.9876973073351903,0.692432872253865,0.8141203482253899,0.7429618988400266,0.3459640443325043,1,1
10,train,0.15208481715053124,0.8712022127404104,0.8705590334417818,0.8232513479577517,0.9480712797176031,0.8812634658338439,0.9375798783293288,0.7930467871659604,0.8592780003279687,0.7429618988400266,0.3459640443325043,1,1
10,val,0.15594949910591469,0.8279465370595382,0.8654545525499862,0.6027018728891618,0.9414868105515588,0.7349307375514788,0.9754675246330183,0.7894222945484134,0.8726389638424178,0.7429618988400266,0.3459640443325043,1,1
11,train,0.1537049202052241,0.8640622654859667,0.8625385931597325,0.8101347246542544,0.956661180740178,0.8773219814241486,0.9449506861063465,0.7684160055792869,0.847588826385884,0.7429618988400266,0.3459640443325043,1,1
11,val,0.16464409653645096,0.8143377885783718,0.8580843055417342,0.5821291654379239,0.9467625899280575,0.7209642074506939,0.977061376317421,0.7694060211554109,0.8608885651857247,0.7429618988400266,0.3459640443325043,1,1
12,train,0.14997267947660056,0.8737751667059757,0.8731717187510546,0.8263076011260928,0.9490321208253563,0.8834280509296846,0.939011352644708,0.7973113166767528,0.8623793159875635,0.7429618988400266,0.3459640443325043,1,1
12,val,0.15408719205190025,0.8329283110571082,0.8694243628693465,0.6101116625310173,0.9434052757793765,0.7410058391410811,0.9764282860567319,0.7954434499593165,0.8766926733028427,0.7429618988400266,0.3459640443325043,1,1
13,train,0.1459599192685151,0.865841891978816,0.8667367370028225,0.8045632050911194,0.9631216725100636,0.8767312200791977,0.9551177369225096,0.7703518014955812,0.8528422587549095,0.7429618988400266,0.3459640443325043,1,1
13,val,0.15787289686147962,0.8206561360874848,0.8658010938685992,0.5900088678687555,0.9573141486810551,0.7300658376005852,0.9816381266762946,0.7742880390561432,0.8657205240174674,0.7429618988400266,0.3459640443325043,1,1
14,train,0.15117574412946075,0.849310662750059,0.8504028722047742,0.7761721699732271,0.9780709342560554,0.8655031193784208,0.9710368466152528,0.722734810153493,0.828685647425897,0.7429618988400266,0.3459640443325043,1,1
14,val,0.17552539135169867,0.7907654921020656,0.8506964973180122,0.5491736656732593,0.9721822541966427,0.7018698060941828,0.9872218550341485,0.7292107404393816,0.8388244103332085,0.7429618988400266,0.3459640443325043,1,1
15,train,0.14956284445500828,0.8655631552992131,0.865008081393041,0.8107736804049168,0.9558434916034438,0.8773522162669692,0.9454133515991359,0.774172671182638,0.8512667235980643,0.7429618988400266,0.3459640443325043,1,1
15,val,0.16065772135955886,0.8228432563791008,0.8655228461657036,0.5937780436733473,0.9520383693045563,0.7313927781871776,0.9795375485983221,0.779007323026851,0.8678390137781,0.7429618988400266,0.3459640443325043,1,1
16,train,0.14091427761450873,0.8574583503076824,0.8575984149036944,0.7864986746531722,0.9808526166659511,0.8729891865041458,0.9746446844798181,0.7343442131414375,0.8376001563416063,0.7429618988400266,0.3459640443325043,1,1
16,val,0.16481845574781642,0.7944106925880924,0.8539297122107034,0.5535276491419232,0.9745803357314149,0.7060458651841558,0.9883746435621847,0.7332790886899918,0.8419282511210763,0.7429618988400266,0.3459640443325043,1,1
17,train,0.15003418197478782,0.8298419777439482,0.8295050931236938,0.7496602601436614,0.9914840807942485,0.8537789733574087,0.9873514269370114,0.6675261054531391,0.7965336888524254,0.7429618988400266,0.3459640443325043,1,1
17,val,0.18701159477161464,0.7512758201701094,0.829322351719926,0.504656862745098,0.9875299760191847,0.6679643146796431,0.9937349397590362,0.6711147274206672,0.8011656143759107,0.7429618988400266,0.3459640443325043,1,1
18,train,0.1386464343847829,0.8704303265507408,0.8707297107315864,0.8077844954029979,0.9711827956989247,0.8819795715094818,0.9641442791394627,0.7702766257642482,0.8563755199049318,0.7429618988400266,0.3459640443325043,1,1
18,val,0.15502797388726278,0.8216281895504253,0.869303970981067,0.5904426854294929,0.965947242206235,0.7328966521106259,0.9852666528325379,0.7726606997558991,0.8661072601240424,0.7429618988400266,0.3459640443325043,1,1
19,train,0.1366045936006285,0.8541563927185403,0.8532265331470692,0.7796860324701462,0.9900332225913622,0.8723587915181085,0.9860937778570155,0.7164198437027762,0.8298989696909072,0.7429618988400266,0.3459640443325043,1,1
19,val,0.16214639126964792,0.7850546780072905,0.8495657501663437,0.5418875927889714,0.9803357314148681,0.6979682431278811,0.9908030506953791,0.7187957689178194,0.8331604262944451,0.7429618988400266,0.3459640443325043,1,1
20,train,0.13438444902111218,0.8696369990780248,0.8694021237995717,0.8063350340136054,0.9737292486736265,0.8821614078610744,0.9666576160738528,0.7650749989255168,0.8541336788061993,0.7429618988400266,0.3459640443325043,1,1
20,val,0.15043177905595462,0.8166464155528554,0.8664432489809617,0.5832851359167148,0.9673860911270983,0.7277647483312286,0.9857502095557418,0.765500406834825,0.8617752129705962,0.7429618988400266,0.3459640443325043,1,1
21,train,0.1373452369573633,0.8620039023135144,0.8608509098344599,0.7937560104409946,0.9816922946223771,0.8777773557674048,0.9754037550647721,0.7400095250465428,0.8415558838010833,0.7429618988400266,0.3459640443325043,1,1
21,val,0.16443262423229102,0.7975698663426488,0.8560452533010208,0.5574759945130315,0.9745803357314149,0.7092495636998255,0.9884405670665213,0.7375101708706265,0.8447343895619758,0.7429618988400266,0.3459640443325043,1,1
22,train,0.14062733218556608,0.8746328180278308,0.8747379942644533,0.8209383624655013,0.9578789179905539,0.884137521054196,0.9495992601726264,0.7915970705383528,0.8634293322121785,0.7429618988400266,0.3459640443325043,1,1
22,val,0.15111463728608657,0.8342648845686512,0.873805105630711,0.6106846791525944,0.9539568345323741,0.744664919505803,0.9806957570882767,0.793653376729048,0.877316064040295,0.7429618988400266,0.3459640443325043,1,1
23,train,0.13868710914059484,0.8563434035892707,0.8562735295151117,0.7827801958650707,0.9866278073032745,0.8729616989002654,0.9818930996459869,0.7259192517269489,0.834722975973161,0.7429618988400266,0.3459640443325043,1,1
23,val,0.17197112411007123,0.7880923450789793,0.8508077183493238,0.5456248327535457,0.9779376498800959,0.700446581930608,0.9897618517694191,0.7236777868185517,0.8360594096634706,0.7429618988400266,0.3459640443325043,1,1
24,train,0.13732769965570196,0.8628829949184159,0.86263723308422,0.7962581590980488,0.9761232349165597,0.8770641496376324,0.9689827682045581,0.7491512312518802,0.8450035143847403,0.7429618988400266,0.3459640443325043,1,1
24,val,0.161509732092716,0.8034021871202917,0.8580495733600264,0.5653512454520011,0.9688249400479616,0.7140332272887946,0.9860425166416148,0.7472742066720911,0.8502129235326791,0.7429618988400266,0.3459640443325043,1,1
25,train,0.13428555934143255,0.8745041703295525,0.8735166320492198,0.8161494232348845,0.9700738602597844,0.8864795670978879,0.9621740530099796,0.7769594038386551,0.859704211510343,0.7429618988400266,0.3459640443325043,1,1
25,val,0.1495426713587447,0.8246658566221142,0.8708628215409772,0.5949704142011835,0.9645083932853717,0.7359560841720036,0.9847422680412371,0.7772172497965826,0.8687585266030013,0.7429618988400266,0.3459640443325043,1,1
26,train,0.1331214650519057,0.8682647569630567,0.8681738343618696,0.802675585284281,0.9769056086379022,0.8812615955473099,0.9704398376658989,0.7594420600858369,0.85207300043338,0.7429618988400266,0.3459640443325043,1,1
26,val,0.1553461445927765,0.8120291616038882,0.8646188338182179,0.5765945330296127,0.9712230215827338,0.7236019296051456,0.9872827469266638,0.7580146460537022,0.8575899843505478,0.7429618988400266,0.3459640443325043,1,1
27,train,0.1302082469490493,0.8614035463882159,0.8616454970945868,0.7891296869625043,0.985649222308155,0.8765092465230017,0.9809892424156185,0.7376417718810186,0.8420872624224361,0.7429618988400266,0.3459640443325043,1,1
27,val,0.1548540182529359,0.7967193195625759,0.8567432140536554,0.5561613958560524,0.9784172661870504,0.709195202503042,0.990135905304691,0.7350691619202604,0.8437470813486505,0.7429618988400266,0.3459640443325043,1,1
28,train,0.1350653695998581,0.8608675143120564,0.8612025214479009,0.7880703683342496,0.9861977039171003,0.8760718855636828,0.98169375534645,0.7362073389787016,0.8414106606056163,0.7429618988400266,0.3459640443325043,1,1
28,val,0.1672156383750795,0.7979343863912515,0.8570815601383823,0.5577765607886089,0.9769784172661871,0.710127244204288,0.9895150720838795,0.7371847030105777,0.8449128042525413,0.7429618988400266,0.3459640443325043,1,1
29,train,0.1340908129675985,0.8665708956023929,0.865783755568825,0.801980198019802,0.9760282721621392,0.8804855096122454,0.9688192290651307,0.7555392389755108,0.8489892984542212,0.7429618988400266,0.3459640443325043,1,1
29,val,0.1620206511650746,0.8078979343863912,0.8607432686885479,0.571347678369196,0.9678657074340528,0.718533024746306,0.9857386121753938,0.7536208299430431,0.854191644378862,0.7429618988400266,0.3459640443325043,1,1
30,train,0.13383318847420514,0.868907995454448,0.8693523333347322,0.803290313430719,0.9756265610197227,0.8811107222027769,0.9692975318687279,0.7630781056497417,0.8539137914556054,0.7429618988400266,0.3459640443325043,1,1
30,val,0.1533460234994587,0.812636695018226,0.863916580324024,0.5777268823361008,0.9678657074340528,0.7235568304051632,0.9858560270213215,0.7599674532139952,0.8582981069656314,0.7429618988400266,0.3459640443325043,1,1
31,train,0.13002234578360114,0.8758335298784279,0.8754147915702759,0.8145768640468287,0.9745494918438807,0.8874112958102459,0.9679948448072173,0.7762800912966711,0.8616017015988336,0.7429618988400266,0.3459640443325043,1,1
31,val,0.14283233795536823,0.8252733900364521,0.8719034211198982,0.5956251847472658,0.9664268585131894,0.7370153621068033,0.9855580771611306,0.777379983726607,0.8691775836972344,0.7429618988400266,0.3459640443325043,1,1
32,train,0.13230187422443657,0.8633547031454363,0.8644261293325597,0.7905039566847147,0.9854194609094449,0.8772652864708714,0.981096090200258,0.7434327977556746,0.8458878436872778,0.7429618988400266,0.3459640443325043,1,1
32,val,0.15965573863734017,0.7991494532199271,0.8586874357308295,0.559145673603505,0.9793764988009592,0.7118703154959038,0.990607252075142,0.7379983726606998,0.8458453790916721,0.7429618988400266,0.3459640443325043,1,1
33,train,0.13277846410911767,0.8556358412487404,0.8562697834104075,0.7804753473168075,0.987676132201491,0.8719353304802663,0.9834404493080887,0.724863434619324,0.8345822175269636,0.7429618988400266,0.3459640443325043,1,1
33,val,0.1598378090964198,0.7896719319562576,0.8534499007791325,0.5472756410256411,0.9827338129496402,0.7030365414307771,0.9919750334373607,0.7241659886086249,0.8371743015708777,0.7429618988400266,0.3459640443325043,1,1
34,train,0.12751342109998276,0.8795643131284976,0.8799304694356236,0.8179127107324645,0.9753336203185536,0.8897135339969764,0.9697433731122611,0.7845273185526934,0.867357782133327,0.7429618988400266,0.3459640443325043,1,1
34,val,0.1396767813734991,0.8269744835965979,0.872884117441604,0.5981585981585982,0.965947242206235,0.7388114453411593,0.9853999588731236,0.7798209926769731,0.8706395348837208,0.7429618988400266,0.3459640443325043,1,1
35,train,0.1456238543999543,0.8278908209867278,0.8270291427785403,0.7466709346991037,0.9951789752122531,0.8531977541652189,0.9926618611598156,0.6588793103448276,0.7920412445918287,0.7429618988400266,0.3459640443325043,1,1
35,val,0.18701911094991144,0.7464155528554071,0.8268598790617627,0.4997578692493947,0.9899280575539569,0.6641995172968624,0.9948780487804878,0.6637917005695687,0.7962908735968764,0.7429618988400266,0.3459640443325043,1,1
36,train,0.13000951189421656,0.862432727974442,0.8623814490718344,0.7896359214987841,0.9882549616357323,0.8778509690439021,0.9842907923403279,0.7365079365079366,0.8425598743619944,0.7429618988400266,0.3459640443325043,1,1
36,val,0.15701042563266338,0.7956257594167679,0.8574368820647307,0.5545331529093369,0.9827338129496402,0.7089965397923875,0.9920617420066152,0.732139951179821,0.8425093632958802,0.7429618988400266,0.3459640443325043,1,1
37,train,0.1277481016399365,0.8680289028495465,0.8671775362247013,0.7987794366100058,0.9864174401771268,0.8827373354417116,0.9819119981855295,0.7479376322722757,0.8491014734364657,0.7429618988400266,0.3459640443325043,1,1
37,val,0.15291444340569135,0.7995139732685298,0.8595653013797262,0.5594749794913864,0.981294964028777,0.7126436781609196,0.9914716816094468,0.7378356387306754,0.8460533681657025,0.7429618988400266,0.3459640443325043,1,1
38,train,0.13791413269834,0.8431570145157486,0.8440991675114426,0.7628377258412067,0.9930519592611773,0.8628531788439544,0.9902270244020881,0.6951463757617079,0.8168548609198567,0.7429618988400266,0.3459640443325043,1,1
38,val,0.17144279764605322,0.7710814094775212,0.8424267258284504,0.5256704980842912,0.9870503597122302,0.686,0.9937427578215527,0.6978030919446705,0.819885277246654,0.7429618988400266,0.3459640443325043,1,1
39,train,0.1339657765789469,0.8517978515834388,0.8516333428420055,0.7753392528061652,0.9911337645093588,0.8700556474657843,0.9876741693461951,0.7121329211746522,0.8275707229456668,0.7429618988400266,0.3459640443325043,1,1
39,val,0.1660891016481279,0.7823815309842042,0.8499938535745855,0.5384615384615384,0.9870503597122302,0.696800406297613,0.9938747731397459,0.7129373474369406,0.8302852269496825,0.7429618988400266,0.3459640443325043,1,1
40,train,0.13262079752692996,0.8535560367932417,0.8548827733869544,0.7761173753566092,0.9896925075790386,0.8699889595309706,0.9861587670834545,0.7200730391948703,0.8323679560180641,0.7429618988400266,0.3459640443325043,1,1
40,val,0.1563222980006787,0.7863912515188335,0.8525205222315231,0.5431740163717983,0.9865707434052757,0.7006130790190735,0.9936979518343462,0.7184703010577705,0.8339629769550435,0.7429618988400266,0.3459640443325043,1,1
41,train,0.13214474670634818,0.8650700057891464,0.8653605992327769,0.7938833471875866,0.9852985427502902,0.8792941402129089,0.9807508301908032,0.7454226557152636,0.8470456699803127,0.7429618988400266,0.3459640443325043,1,1
41,val,0.15673727519891675,0.8034021871202917,0.8612183971293266,0.5646277331857182,0.9784172661870504,0.716040716040716,0.9902534113060428,0.7440195280716029,0.8496561977327634,0.7429618988400266,0.3459640443325043,1,1
42,train,0.1287299540077498,0.8694440275306075,0.8701066425657873,0.7991112044229827,0.9849902954496441,0.8823677143905879,0.9807319639001163,0.7552229896819306,0.8533301216427797,0.7429618988400266,0.3459640443325043,1,1
42,val,0.14786606591787838,0.8111786148238153,0.8654752357593176,0.5750636132315522,0.9755395683453237,0.7235859124866595,0.989132750905604,0.7554109031733116,0.8566156117364827,0.7429618988400266,0.3459640443325043,1,1
43,train,0.12830248345900913,0.863740646240271,0.8643388280135289,0.7913410332664776,0.9861667744020686,0.8780768566659632,0.9818858980870154,0.7425108816249893,0.8455837686793829,0.7429618988400266,0.3459640443325043,1,1
43,val,0.14977160736393377,0.7980558930741191,0.8582720154226496,0.5577080491132332,0.9803357314148681,0.7109565217391305,0.9910186199342825,0.7362082994304312,0.8448179271708685,0.7429618988400266,0.3459640443325043,1,1
44,train,0.12969915914990873,0.8613392225390767,0.8620832450577722,0.7871499742312318,0.9882667586920887,0.8763172490293955,0.9844872818524011,0.7358997314234557,0.8422336610475469,0.7429618988400266,0.3459640443325043,1,1
44,val,0.15278061603355522,0.7968408262454435,0.8579336693379227,0.5560988861722358,0.9817745803357314,0.7100242802636143,0.9916465157177402,0.7340927583401139,0.8436506452216196,0.7429618988400266,0.3459640443325043,1,1
45,train,0.13373901060629792,0.8515834387529749,0.8509621283403399,0.7757427893452759,0.990949067156214,0.8702384523095381,0.9873190573035052,0.7109751895244659,0.8266639955927281,0.7429618988400266,0.3459640443325043,1,1
45,val,0.1645459765688327,0.782138517618469,0.850148002021491,0.5381400208986415,0.988009592326139,0.6967698291899206,0.9943207632894139,0.7122864117168429,0.8299990518630891,0.7429618988400266,0.3459640443325043,1,1
46,train,0.12614168119063374,0.8668496322819957,0.8665641760475264,0.7953606828193832,0.9887053991614615,0.8815563608621018,0.9849854973554001,0.7444229529335913,0.847972972972973,0.7429618988400266,0.3459640443325043,1,1
46,val,0.15045540748867925,0.8036452004860267,0.8624902193786061,0.5646896551724138,0.9817745803357314,0.7169877408056041,0.9917480998914223,0.7432058584214809,0.8496744186046512,0.7429618988400266,0.3459640443325043,1,1
47,train,0.12742822857891892,0.8650056819400073,0.8640275090138196,0.7944558521560575,0.9876616746085772,0.8805856915256809,0.9833515127159997,0.740393343419062,0.8447502095970804,0.7429618988400266,0.3459640443325043,1,1
47,val,0.14954249254118918,0.8014580801944107,0.8613424963853165,0.5618316424458459,0.9827338129496402,0.71493370551291,0.9921448832642374,0.7399511798209927,0.8476882923191648,0.7429618988400266,0.3459640443325043,1,1
48,train,0.1347848844398098,0.8445292566307168,0.8452974749779583,0.764302287040106,0.9939652571231519,0.8641346099795761,0.9914991802780982,0.6966296928327645,0.8183116590242802,0.7429618988400266,0.3459640443325043,1,1
48,val,0.17054146648829357,0.7701093560145807,0.8427264372391428,0.5245235069885642,0.9899280575539569,0.6857142857142858,0.9951105937136205,0.6955248169243288,0.8187739463601532,0.7429618988400266,0.3459640443325043,1,1
49,train,0.12907709762575123,0.857436909024636,0.8578194555339067,0.7820281977237982,0.9899793566144848,0.873801886613396,0.9864566379911649,0.7256595544533287,0.8361952156882068,0.7429618988400266,0.3459640443325043,1,1
49,val,0.1542701559071118,0.7922235722964763,0.856426136552109,0.5501470981545867,0.9865707434052757,0.7063873626373626,0.9937653083945669,0.7262815296989422,0.8392252726588942,0.7429618988400266,0.3459640443325043,1,1
50,train,0.13142230695337948,0.8593023006496708,0.858814701535271,0.7860612030024114,0.9887640449438202,0.875837275307474,0.9847057455222145,0.7288653581267218,0.8376867517562087,0.7429618988400266,0.3459640443325043,1,1
50,val,0.15828615544705604,0.7950182260024301,0.8575053708050646,0.5536967080410146,0.9841726618705036,0.7086858919012261,0.9927055702917772,0.7308380797396257,0.841878339113319,0.7429618988400266,0.3459640443325043,1,1
51,train,0.13248918189987924,0.8549282789082099,0.8555999390495235,0.7780258439889046,0.9912084123426995,0.8717734905052495,0.988054107864379,0.7199914657563473,0.83298775671406,0.7429618988400266,0.3459640443325043,1,1
51,val,0.1610675038247033,0.7899149453219927,0.855038605405342,0.5473404255319149,0.9870503597122302,0.704191616766467,0.9939597315436242,0.723026851098454,0.8371172868582195,0.7429618988400266,0.3459640443325043,1,1
52,train,0.13127220755188135,0.8578014108364245,0.859535797353365,0.7810579794720401,0.988959881775112,0.8727991100540874,0.9854923463559515,0.7301117129316181,0.8387943607194943,0.7429618988400266,0.3459640443325043,1,1
52,val,0.1574899162440804,0.792831105710814,0.85588232424638,0.5510478237506716,0.9836930455635492,0.7063888410539004,0.9924578527062999,0.7280716029292107,0.8399511874589317,0.7429618988400266,0.3459640443325043,1,1
53,train,0.13174444856019296,0.8566650228349665,0.8557706003601288,0.7819995968554727,0.9916499808290377,0.8744341554123857,0.988383808451372,0.7198912198912198,0.8330377881565474,0.7429618988400266,0.3459640443325043,1,1
53,val,0.16257552698634808,0.7861482381530984,0.8525162294899638,0.5428646795040887,0.9870503597122302,0.7004765146358066,0.9939175489975219,0.7179820992676973,0.8337112622826909,0.7429618988400266,0.3459640443325043,1,1
54,train,0.12855508442012106,0.8589592401209288,0.8599801019339575,0.7831589027977289,0.9897130013831259,0.8744033298965135,0.9863226251364864,0.7302472024847891,0.8391844318404068,0.7429618988400266,0.3459640443325043,1,1
54,val,0.15336252442614276,0.7944106925880924,0.8578907419223287,0.5528083848427842,0.9865707434052757,0.7085773337926283,0.9937901973830118,0.7292107404393816,0.8411864088605219,0.7429618988400266,0.3459640443325043,1,1
55,train,0.12939491466854885,0.8554857522674156,0.8553253954125832,0.7797580944038274,0.9913050927314002,0.8728973372557893,0.9880292487321618,0.7193456980937661,0.8325465838509316,0.7429618988400266,0.3459640443325043,1,1
55,val,0.1570998225039729,0.7885783718104495,0.8546188923556028,0.545671167593328,0.9884892086330935,0.7031729785056294,0.9946103750280709,0.7207485760781123,0.835818078882808,0.7429618988400266,0.3459640443325043,1,1
56,train,0.12601874316881082,0.8751474088209439,0.875770560323684,0.8091404552416913,0.9799396031061259,0.8863871383138547,0.9749542173866207,0.7716015175412422,0.8614396192742415,0.7429618988400266,0.3459640443325043,1,1
56,val,0.1424781439081287,0.8171324422843257,0.8696206582333807,0.5830945558739254,0.9760191846522782,0.7300448430493274,0.989451476793249,0.7632221318144833,0.8617363344051446,0.7429618988400266,0.3459640443325043,1,1
57,train,0.12895064007547344,0.859645361178413,0.8584603152451482,0.7872484356502621,0.9891207343504314,0.8767138767515444,0.9850064425442193,0.727799896139865,0.8370912348812901,0.7429618988400266,0.3459640443325043,1,1
57,val,0.15181865807292239,0.792831105710814,0.856991412565635,0.5508565310492506,0.9870503597122302,0.7070950008589589,0.9939919893190922,0.7269324654190399,0.8397405771219099,0.7429618988400266,0.3459640443325043,1,1
58,train,0.13405082877624322,0.851476232337743,0.8517700431989359,0.7735489054026913,0.9930385458295733,0.8696584815128422,0.9903370116313749,0.7105015405682985,0.827398898661949,0.7429618988400266,0.3459640443325043,1,1
58,val,0.16968500174554846,0.7794653705953828,0.8478826052258275,0.5351196670135275,0.9865707434052757,0.693877551020408,0.9936160510715915,0.7091944670463791,0.8276516949957268,0.7429618988400266,0.3459640443325043,1,1
59,train,0.13428882970748132,0.847380947275885,0.8485298015040219,0.7675933970460469,0.9929540935419728,0.8658499811534112,0.9902471130257883,0.7041055094660711,0.823014570590283,0.7429618988400266,0.3459640443325043,1,1
59,val,0.16736686095359982,0.7738760631834751,0.8452488131545212,0.5286885245901639,0.9899280575539569,0.6892636500250459,0.9951456310679612,0.7005695687550855,0.8222710342851686,0.7429618988400266,0.3459640443325043,1,1
60,train,0.12995097072888367,0.8586590621582796,0.8591790521895891,0.7832260700786597,0.9902699444611874,0.8746625090314485,0.9869152385363594,0.7280881599179908,0.8379707010126831,0.7429618988400266,0.3459640443325043,1,1
60,val,0.15591903478450359,0.7940461725394897,0.8571713174618971,0.5524475524475524,0.9851318944844125,0.7079097018783389,0.9931294326241135,0.7292107404393816,0.8409496105845923,0.7429618988400266,0.3459640443325043,1,1
61,train,0.13191833719347582,0.8556572825317867,0.855815720572173,0.7800514104038423,0.9901682981281127,0.872639903136706,0.9865870087272302,0.7214631430162334,0.8334487877288471,0.7429618988400266,0.3459640443325043,1,1
61,val,0.15797646869865686,0.7882138517618469,0.8543747914605663,0.5452380952380952,0.9884892086330935,0.7028132992327366,0.9946067415730337,0.720260374288039,0.8354884379424257,0.7429618988400266,0.3459640443325043,1,1
62,train,0.13281883026369926,0.8562147558909925,0.8560074146674586,0.7803145098831532,0.992207236137872,0.8735957174093343,0.9892574666509267,0.7198075931970451,0.833291900760702,0.7429618988400266,0.3459640443325043,1,1
62,val,0.16322954046842106,0.7896719319562576,0.8548758714753177,0.5470494417862839,0.9870503597122302,0.7039507439712672,0.9939570277529096,0.7227013832384052,0.8368981437859229,0.7429618988400266,0.3459640443325043,1,1
63,train,0.12750171735946977,0.8622183151439782,0.8618537523404652,0.7891237640640982,0.9896946891302488,0.8781015251536535,0.9860766075452077,0.7340128155506817,0.8415758591785416,0.7429618988400266,0.3459640443325043,1,1
63,val,0.15293525197743502,0.795868772782503,0.8588671455024751,0.5545969263952548,0.9865707434052757,0.7100448740075941,0.9938066799380668,0.7311635475996745,0.8424901556347271,0.7429618988400266,0.3459640443325043,1,1
64,train,0.13253205999888254,0.8439289007054183,0.8438615882262521,0.7648767286049044,0.9933561937419632,0.8642711965541031,0.9905140758873929,0.694366982710541,0.8164140331408106,0.7429618988400266,0.3459640443325043,1,1
64,val,0.1624616067797706,0.770595382746051,0.8433687874761215,0.5250317662007624,0.9908872901678657,0.6863787375415282,0.9955762514551805,0.6958502847843775,0.8191570881226053,0.7429618988400266,0.3459640443325043,1,1
65,train,0.12577672236554477,0.8645982975621261,0.8636328057947482,0.7932423208191126,0.9890633643984851,0.8803954620352658,0.9851779226022261,0.7382022471910112,0.8439931816497444,0.7429618988400266,0.3459640443325043,1,1
65,val,0.15243055798375882,0.7995139732685298,0.8605159485105163,0.5592804578904333,0.9841726618705036,0.7132429614181438,0.9927647445735585,0.7368592351505289,0.845880814496544,0.7429618988400266,0.3459640443325043,1,1
66,train,0.12769139228017368,0.8578014108364245,0.8568838214999485,0.7825415995705851,0.993610495825524,0.875534869754523,0.991087873566633,0.720157147174373,0.8341751262689403,0.7429618988400266,0.3459640443325043,1,1
66,val,0.160346508304954,0.7856622114216282,0.8526660851953101,0.5422257300710339,0.9884892086330935,0.7003058103975535,0.9945811695642357,0.7168429617575265,0.8331757140155097,0.7429618988400266,0.3459640443325043,1,1
67,train,0.13103705693075696,0.8543064816998649,0.8533325159329356,0.7785530664708042,0.9931010987139085,0.8728361560774772,0.9902912621359223,0.7135639331519626,0.8294556132821325,0.7429618988400266,0.3459640443325043,1,1
67,val,0.1578034858874533,0.7865127582017011,0.8529187715734654,0.5432717678100264,0.9875299760191847,0.7009361702127661,0.9941441441441441,0.7183075671277461,0.8340103920642419,0.7429618988400266,0.3459640443325043,1,1
68,train,0.12917927123313702,0.8580372649499346,0.8575302999359784,0.7834397055347314,0.9911141490088858,0.8751249504913148,0.9877833901092447,0.7239464508630709,0.8355317087711455,0.7429618988400266,0.3459640443325043,1,1
68,val,0.15624962493252204,0.7908869987849332,0.8556895411254397,0.5485074626865671,0.9870503597122302,0.7051567586088744,0.993970522554712,0.7243287225386493,0.8379930339828675,0.7429618988400266,0.3459640443325043,1,1
69,train,0.1274028815387064,0.8657346855635841,0.8667524341490853,0.7923573063319231,0.9881508389551981,0.8794888572418306,0.984607606314252,0.7453540293429726,0.8484364410881983,0.7429618988400266,0.3459640443325043,1,1
69,val,0.1507476316187825,0.8014580801944107,0.8618178199507115,0.5617300848617575,0.9841726618705036,0.7152317880794702,0.9927900371422329,0.7394629780309194,0.8476030591307593,0.7429618988400266,0.3459640443325043,1,1
70,train,0.1263564345718501,0.8667638671498102,0.8669918568892698,0.7955923628677363,0.9864661654135338,0.8808071508036982,0.9822834645669292,0.747517548365006,0.8489694730701923,0.7429618988400266,0.3459640443325043,1,1
70,val,0.14571987463303934,0.8061968408262454,0.8641989256438625,0.5679800221975583,0.9817745803357314,0.7196343821409739,0.9917855598789451,0.7466232709519935,0.8519171850338874,0.7429618988400266,0.3459640443325043,1,1
71,train,0.127095017691527,0.8687150239070306,0.8697620069421496,0.7974918555364837,0.98519993075991,0.8814635562869035,0.9810966172894097,0.7543240831243891,0.852893832736708,0.7429618988400266,0.3459640443325043,1,1
71,val,0.150944657437277,0.8076549210206562,0.8656506527894039,0.5697609783212896,0.9832134292565947,0.7214499384128101,0.9924438687392055,0.7480878763222132,0.8531131112554515,0.7429618988400266,0.3459640443325043,1,1
72,train,0.12648218707409656,0.8683076395291495,0.8687934518490268,0.7961582469401199,0.988675995694295,0.8820343410286944,0.9852230587706484,0.7489109080037585,0.8509657381345239,0.7429618988400266,0.3459640443325043,1,1
72,val,0.15091617846112348,0.8059538274605104,0.8645115152792331,0.5675526024363233,0.9832134292565947,0.7196770229945586,0.9924209614551754,0.7458096013018715,0.8516212951779245,0.7429618988400266,0.3459640443325043,1,1
73,train,0.12860875599243318,0.8590878878192071,0.8589929071709183,0.7832522303325223,0.9932293452176894,0.8758313180169286,0.9907315070100311,0.7247564691241472,0.8371251548946717,0.7429618988400266,0.3459640443325043,1,1
73,val,0.15782660512414332,0.7919805589307412,0.8562634026220846,0.5498529804865009,0.9865707434052757,0.7061448678338482,0.99376253063043,0.7259560618388934,0.8390069588113598,0.7429618988400266,0.3459640443325043,1,1
74,train,0.12647245188244427,0.870044383455906,0.8695212931805495,0.8015630427231678,0.9851440768409818,0.8839222445657379,0.9805031094178945,0.7538985095201172,0.8523975354942406,0.7429618988400266,0.3459640443325043,1,1
74,val,0.14881823446379833,0.8099635479951397,0.8664044191823108,0.5729896329504063,0.9808153477218226,0.7233816766890697,0.9914181506114568,0.7519934906427991,0.8552655931889691,0.7429618988400266,0.3459640443325043,1,1
75,train,0.12318990862176687,0.8685006110765668,0.8688358093684567,0.7968582030030863,0.9881740775780511,0.8822637307788294,0.9845522974946636,0.7494975411588625,0.8510937917304005,0.7429618988400266,0.3459640443325043,1,1
75,val,0.1519128770613873,0.8026731470230862,0.8623146072239035,0.5633415773564165,0.9832134292565947,0.716282320055905,0.9923763885863647,0.7414157851912123,0.8487332339791356,0.7429618988400266,0.3459640443325043,1,1
76,train,0.12485110453526294,0.8686935826239842,0.8692023402166038,0.7972940071649681,0.987251819630475,0.8821627862228208,0.9834525939177102,0.7511528608027327,0.8517478454536652,0.7429618988400266,0.3459640443325043,1,1
76,val,0.14773886185659962,0.8097205346294046,0.8660832440638213,0.5727094424208462,0.9803357314148681,0.7230279448178281,0.9912036043767432,0.7518307567127747,0.8550805108273182,0.7429618988400266,0.3459640443325043,1,1
77,train,0.12602923984577583,0.8680289028495465,0.8673255371388365,0.7984750207010765,0.9866138039817538,0.8826300032417383,0.9822146700651374,0.7480372702959193,0.8492788402674046,0.7429618988400266,0.3459640443325043,1,1
77,val,0.14670807673241648,0.8091130012150668,0.8664686151810854,0.5717075892857143,0.9827338129496402,0.7228788146057507,0.9922513990529488,0.7502034174125305,0.854415716801038,0.7429618988400266,0.3459640443325043,1,1
78,train,0.12881987200608094,0.8544780119642359,0.8552506486744091,0.7764444144812243,0.9933157962827203,0.8715920915712799,0.9908678489365462,0.7171855010660981,0.8321005368230958,0.7429618988400266,0.3459640443325043,1,1
78,val,0.15988692120170245,0.7839611178614824,0.8513685064966741,0.5402570154733806,0.988009592326139,0.6985418786029163,0.9943400498075617,0.7147274206672091,0.8316606703275894,0.7429618988400266,0.3459640443325043,1,1
79,train,0.12535403133909637,0.8667424258667639,0.8666650612937096,0.7938077094703601,0.991085968972315,0.8815445899327196,0.9881183594196276,0.7422441536151041,0.8477126264977581,0.7429618988400266,0.3459640443325043,1,1
79,val,0.15398292997048518,0.8012150668286756,0.8616550860206871,0.5614227086183311,0.9841726618705036,0.7149825783972125,0.9927868852459016,0.7391375101708706,0.8473880597014926,0.7429618988400266,0.3459640443325043,1,1
80,train,0.12657271770332246,0.8568579943823839,0.8572617391596178,0.7800797620657023,0.9927311827956989,0.8736515386653544,0.9900885578558443,0.7217922955235367,0.834915924826904,0.7429618988400266,0.3459640443325043,1,1
80,val,0.1565161799095381,0.7885783718104495,0.8541435687902079,0.5457438345266508,0.9870503597122302,0.7028688524590164,0.9939448306795245,0.7212367778681855,0.8359109769898152,0.7429618988400266,0.3459640443325043,1,1
81,train,0.12260116758881963,0.876348120671541,0.8764666808618775,0.8090418591529428,0.9848888125697605,0.8883467890263499,0.9807460890493381,0.7680445491539944,0.8614601100247437,0.7429618988400266,0.3459640443325043,1,1
81,val,0.14223477434851275,0.8170109356014581,0.8703314972106937,0.5826906598114824,0.9784172661870504,0.7303974221267454,0.9904842461408332,0.7622457282343369,0.8615045061614862,0.7429618988400266,0.3459640443325043,1,1
82,train,0.13482224555265696,0.8413773880228993,0.8418003270424078,0.7607458808826915,0.9947108148785208,0.8621370802430024,0.9924223755544603,0.6888898392062949,0.8132572697899839,0.7429618988400266,0.3459640443325043,1,1
82,val,0.16894721958428657,0.7623329283110571,0.8384695986091517,0.5160807778608826,0.9928057553956835,0.6791338582677166,0.9964446551315478,0.68413344182262,0.811269780007719,0.7429618988400266,0.3459640443325043,1,1
83,train,0.13190531718638654,0.8543064816998649,0.8538136411625443,0.7779414225941422,0.9931202461328091,0.8724590348555662,0.9903960868527798,0.7145070361922795,0.8301292467688308,0.7429618988400266,0.3459640443325043,1,1
83,val,0.1667359939865759,0.7801944106925881,0.8493214541466907,0.5358441558441558,0.9894484412470024,0.6951979780960403,0.9949771689497717,0.7091944670463791,0.8281235154394299,0.7429618988400266,0.3459640443325043,1,1
84,train,0.13378419302040176,0.8439503419884646,0.8444974576455299,0.7646902684229736,0.9919941462574786,0.8636363636363638,0.9887272727272727,0.6970007690335811,0.8176214103142384,0.7429618988400266,0.3459640443325043,1,1
84,val,0.1644284778311939,0.7707168894289186,0.8439254780065288,0.5251269035532995,0.992326139088729,0.686804979253112,0.9962703962703963,0.6955248169243288,0.8191662673694299,0.7429618988400266,0.3459640443325043,1,1
85,train,0.13213479773755543,0.8532987413966852,0.8533314217816306,0.7765800255221976,0.9918932830059192,0.8711293603556092,0.9887907004329518,0.7147695605573419,0.8297417010899317,0.7429618988400266,0.3459640443325043,1,1
85,val,0.15928379503301687,0.7872417982989064,0.8543576204943286,0.5439936775553214,0.9904076738609112,0.7022615201496344,0.995489400090212,0.7183075671277461,0.834483410530296,0.7429618988400266,0.3459640443325043,1,1
86,train,0.1266962077393791,0.8680074615665001,0.8684954012391108,0.79625772408526,0.9876420943851189,0.8816836440515087,0.983906241238154,0.7493487080931027,0.8507564003103181,0.7429618988400266,0.3459640443325043,1,1
86,val,0.15129265755885715,0.8076549210206562,0.865809093977869,0.5697222222222222,0.9836930455635492,0.7215479331574318,0.9926565874730021,0.7479251423921888,0.8530858468677495,0.7429618988400266,0.3459640443325043,1,1
87,train,0.12568341595277863,0.8663564827719291,0.866507142865707,0.793617460754613,0.9897814606500365,0.8809109841609507,0.9864703541583765,0.7432328250813774,0.8477490901096755,0.7429618988400266,0.3459640443325043,1,1
87,val,0.1499165328457173,0.8025516403402188,0.8630254462012164,0.563013698630137,0.9856115107913669,0.7166521360069746,0.9934497816593887,0.7404393816110659,0.8484848484848485,0.7429618988400266,0.3459640443325043,1,1
88,train,0.13305218245087042,0.8505328158837024,0.8513308007292072,0.7718510074764475,0.9928411247196826,0.8685089125719135,0.990126100404473,0.7098204767387318,0.8268633733204181,0.7429618988400266,0.3459640443325043,1,1
88,val,0.16293976609283925,0.7798298906439854,0.8490773532516542,0.5354269400467169,0.9894484412470024,0.6948467497473897,0.9949737262965501,0.708706265256306,0.8277893936513973,0.7429618988400266,0.3459640443325043,1,1
89,train,0.1327008395280352,0.8437788117240935,0.8447753123581099,0.7630375720628189,0.9942151614574339,0.8634199377647808,0.9918575682080574,0.6953354632587859,0.8175398176900731,0.7429618988400266,0.3459640443325043,1,1
89,val,0.16580992929121413,0.7712029161603888,0.8444093870550426,0.5256475368207212,0.9928057553956835,0.6873651004482816,0.9965051258154707,0.6960130187144019,0.8195841716968477,0.7429618988400266,0.3459640443325043,1,1
90,train,0.12728930823277282,0.8599669804241086,0.8608685927516123,0.7846844070002398,0.9894627742269823,0.8752554674816159,0.9860091743119266,0.7322744112762424,0.8404075947511178,0.7429618988400266,0.3459640443325043,1,1
90,val,0.15584168349769542,0.7944106925880924,0.8583660654877237,0.5527233700026831,0.988009592326139,0.7088781830695114,0.9944481456806573,0.7287225386493084,0.8410969196093163,0.7429618988400266,0.3459640443325043,1,1
91,train,0.12736065981989467,0.8594952721970883,0.859634039433137,0.7841287081664517,0.9917149602919081,0.8757889948253312,0.9887640449438202,0.727553118574366,0.8382813849608846,0.7429618988400266,0.3459640443325043,1,1
91,val,0.15552743624800755,0.7900364520048603,0.8555952959357493,0.547410358565737,0.9884892086330935,0.7046153846153846,0.9946248600223964,0.7227013832384052,0.8371347785108387,0.7429618988400266,0.3459640443325043,1,1
92,train,0.13260083231749806,0.8496108407127082,0.8497786764050417,0.7718618478188256,0.9921002919457325,0.8682321998872816,0.9889826956469673,0.7074570608643509,0.8248601677986416,0.7429618988400266,0.3459640443325043,1,1
92,val,0.16346487602080928,0.7793438639125152,0.8484350030146753,0.5349078640020763,0.9884892086330935,0.6941731222633883,0.9945167923235092,0.7083807973962571,0.8274092377874928,0.7429618988400266,0.3459640443325043,1,1
93,train,0.1342929184702622,0.8447865520272733,0.8442496659035735,0.7661178794863353,0.9941887792163397,0.8653785356963533,0.9916405433646813,0.6943105525908073,0.8167573724844955,0.7429618988400266,0.3459640443325043,1,1
93,val,0.16826230114459412,0.7685297691373025,0.8423024314478442,0.5227502527805864,0.9918465227817745,0.6846548584671411,0.9960224613944783,0.6927583401139138,0.8171609559458682,0.7429618988400266,0.3459640443325043,1,1
94,train,0.1243979530147987,0.8651128883552391,0.8646588734605174,0.7920734621424182,0.9914540870828527,0.8806193900981081,0.9884692995099452,0.7378636598381821,0.8449767132401863,0.7429618988400266,0.3459640443325043,1,1
94,val,0.1545627742136669,0.7961117861482382,0.8593467618094296,0.5548369711668014,0.9875299760191847,0.7104899930986889,0.9942465147156451,0.7311635475996745,0.84264816204051,0.7429618988400266,0.3459640443325043,1,1
95,train,0.1231305847109513,0.8668925148480885,0.8668155902935215,0.7942611683848797,0.9905288420330848,0.8816035396879888,0.987399509664177,0.7431023385539584,0.8480070512192733,0.7429618988400266,0.3459640443325043,1,1
95,val,0.15143365295081063,0.8007290400972054,0.8621218241029633,0.5606432270373398,0.9865707434052757,0.7149808828640944,0.9938609953957466,0.737672904800651,0.8468148701662618,0.7429618988400266,0.3459640443325043,1,1
96,train,0.13267041502377905,0.8536203606423809,0.8537838275867875,0.7765832353435242,0.9924008243173622,0.8713270633469664,0.9895104895104895,0.7151668308562128,0.8302627980408245,0.7429618988400266,0.3459640443325043,1,1
96,val,0.1651176411826005,0.7838396111786148,0.8517624630970569,0.5400523560209424,0.9894484412470024,0.6987298899237934,0.9950113378684807,0.7140764849471115,0.8314542870677404,0.7429618988400266,0.3459640443325043,1,1
97,train,0.13096185779346095,0.8546281009455606,0.8550076111413472,0.7776092744245611,0.9922167275854655,0.8719014510278114,0.989331604385241,0.7177984946972289,0.8319702602230482,0.7429618988400266,0.3459640443325043,1,1
97,val,0.16090904861362706,0.7855407047387606,0.8527431594187629,0.5420609884332281,0.988968824940048,0.7002886737986076,0.9948034342521465,0.7165174938974777,0.833033771639391,0.7429618988400266,0.3459640443325043,1,1
98,train,0.12728428380141835,0.8607603078968246,0.8618617938805568,0.7848869088416723,0.990614186851211,0.875831739961759,0.9875708803482445,0.7331094009099026,0.8415247205817755,0.7429618988400266,0.3459640443325043,1,1
98,val,0.15500870006631964,0.7984204131227217,0.8604174105792665,0.5577862181226262,0.9860911270983214,0.712528158031537,0.9936179577464789,0.7347436940602116,0.8447937131630648,0.7429618988400266,0.3459640443325043,1,1
99,train,0.12758226468243758,0.8619610197474217,0.8610391734442814,0.7889615893141675,0.9909303810943155,0.878487033332075,0.9875743787189359,0.7311479657942472,0.840232281119714,0.7429618988400266,0.3459640443325043,1,1
99,val,0.155713595310509,0.7938031591737545,0.8576423482857327,0.552038626609442,0.9870503597122302,0.7080681231722001,0.994002665482008,0.7282343368592351,0.8406123790739176,0.7429618988400266,0.3459640443325043,1,1
100,train,0.12302721692513366,0.8698085293423958,0.8697297175183383,0.7990714112470115,0.9883008356545961,0.8836692466855699,0.9846439419507256,0.7511585993820803,0.8521980429385132,0.7429618988400266,0.3459640443325043,1,1
100,val,0.14696102313253742,0.809356014580802,0.8669482314880399,0.571946458449526,0.9836930455635492,0.7233292188326576,0.9926787252368647,0.7502034174125305,0.8545741032533135,0.7429618988400266,0.3459640443325043,1,1
101,train,0.12680213150934075,0.8639336177876884,0.864595529898126,0.790389852125056,0.9885751239491269,0.8784430908324713,0.9849670977989562,0.740615935847125,0.8454908453447603,0.7429618988400266,0.3459640443325043,1,1
101,val,0.14970279563385835,0.804131227217497,0.8645585403117702,0.5649190227834202,0.9870503597122302,0.7185754189944135,0.9941137998691956,0.74206672091131,0.8497950055907567,0.7429618988400266,0.3459640443325043,1,1
102,train,0.12359638329220793,0.8663779240549755,0.8668278891739366,0.792660676787497,0.9910049494297396,0.8808048351312066,0.9881182490051166,0.7426508289181336,0.8479777528418794,0.7429618988400266,0.3459640443325043,1,1
102,val,0.15148678986516353,0.8014580801944107,0.8624515847045715,0.561595192570336,0.9860911270983214,0.7156282631395753,0.9936528780914861,0.7388120423108218,0.8474892663804368,0.7429618988400266,0.3459640443325043,1,1
103,train,0.12871866614043748,0.8584875318939086,0.8578893875861647,0.7834158832844772,0.9926567903342868,0.8757108960114497,0.9898584905660377,0.7231219848380427,0.8357228195937872,0.7429618988400266,0.3459640443325043,1,1
103,val,0.1592131257274461,0.7911300121506682,0.8560107162439292,0.548773987206823,0.9875299760191847,0.7054994003769061,0.994193836534167,0.7244914564686737,0.8381813047161818,0.7429618988400266,0.3459640443325043,1,1
104,train,0.12411817183916615,0.8670640451124595,0.8665229139965092,0.7966790684856001,0.9872780054644809,0.8817966903073287,0.9830787575946851,0.7457678225285376,0.8481359917699505,0.7429618988400266,0.3459640443325043,1,1
104,val,0.14547913715080385,0.8085054678007291,0.8671708686752795,0.5706355814598946,0.9860911270983214,0.7229254571026723,0.9937324400259347,0.7482506102522376,0.8536947642034906,0.7429618988400266,0.3459640443325043,1,1
105,train,0.12553859474424375,0.8657132442805378,0.8650215991866594,0.7945097501627884,0.9886140724946695,0.8809971688612742,0.9847079037800688,0.7414291258786494,0.8459248690004675,0.7429618988400266,0.3459640443325043,1,1
105,val,0.15019246953950327,0.8046172539489672,0.864884008171819,0.5655399835119538,0.9870503597122302,0.7190775681341718,0.9941189283380527,0.7427176566314077,0.8502235469448585,0.7429618988400266,0.3459640443325043,1,1
106,train,0.12765274969685786,0.8504684920345633,0.8500812430895166,0.7725400305627533,0.9945684714737832,0.8696058634357938,0.9923202515571143,0.7055940147052501,0.8247474493642257,0.7429618988400266,0.3459640443325043,1,1
106,val,0.1629020007564839,0.7754556500607533,0.8470987896420048,0.5303768264547551,0.992326139088729,0.6912796525225526,0.9963039963039964,0.7018714401952807,0.8235631086499904,0.7429618988400266,0.3459640443325043,1,1
107,train,0.12675034982466613,0.8632046141641115,0.8631909678463336,0.7895276505571126,0.9904810908155389,0.8786610878661087,0.9872274322536103,0.7359008448771283,0.8432355398299671,0.7429618988400266,0.3459640443325043,1,1
107,val,0.1533466695145877,0.7951397326852977,0.858854267277797,0.5536146197258801,0.988009592326139,0.7096107475025835,0.9944555333776891,0.7296989422294549,0.841749577623428,0.7429618988400266,0.3459640443325043,1,1
108,train,0.1309789691800362,0.850790111280259,0.8517051281322758,0.7713501389307355,0.9944324557617609,0.8687996078505307,0.9923067748091603,0.7089778005027909,0.8270497303476899,0.7429618988400266,0.3459640443325043,1,1
108,val,0.16643765150848888,0.7793438639125152,0.8492272089570003,0.5348174993528346,0.9908872901678657,0.6946872898453262,0.9956491870849553,0.7075671277461351,0.8272450532724505,0.7429618988400266,0.3459640443325043,1,1
109,train,0.1282200535398734,0.8608031904629173,0.860397610915125,0.7868685497012493,0.9908515731874145,0.8771571298819255,0.9875458301809928,0.7299436486428357,0.8394261686866189,0.7429618988400266,0.3459640443325043,1,1
109,val,0.15671741198001482,0.7912515188335358,0.8564089655858714,0.5488681757656458,0.9884892086330935,0.7058219178082192,0.9946368715083799,0.7243287225386493,0.8382297551789076,0.7429618988400266,0.3459640443325043,1,1
110,train,0.12717609486069922,0.8564506100045026,0.8569774274813615,0.7794226999256405,0.9927246114770331,0.8732367698570482,0.990089720283821,0.7212302434856899,0.8345401972172107,0.7429618988400266,0.3459640443325043,1,1
110,val,0.15551194380221942,0.78955042527339,0.8552698280757005,0.5468293977182277,0.9884892086330935,0.7041339255210113,0.9946200403496974,0.7220504475183076,0.8366962096926269,0.7429618988400266,0.3459640443325043,1,1
111,train,0.12762023103326867,0.8579729411007955,0.8584381490296117,0.7811622161302332,0.9932010843840097,0.8745121812601826,0.9907559091972853,0.7236752136752137,0.8364121307912673,0.7429618988400266,0.3459640443325043,1,1
111,val,0.16175689922865222,0.78955042527339,0.8560620340180256,0.5467054776395872,0.9908872901678657,0.7046384720327421,0.9957312963379016,0.7212367778681855,0.8365420913552284,0.7429618988400266,0.3459640443325043,1,1
112,train,0.130527139325379,0.8468020326336329,0.8468177237094744,0.768245753715499,0.9931809409443754,0.8663511718823068,0.9903607153682934,0.7004545064745734,0.8205540347087927,0.7429618988400266,0.3459640443325043,1,1
112,val,0.16276913431913276,0.7724179829890644,0.8452230567051648,0.5269857433808554,0.9928057553956835,0.6885082321636454,0.9965132496513249,0.6976403580146461,0.8207140805973007,0.7429618988400266,0.3459640443325043,1,1
113,train,0.13182232270209804,0.8549068376251635,0.8553984144985054,0.7776017260560294,0.9926837665691168,0.8720769768804703,0.9899858623939679,0.7181130624278939,0.832412887887268,0.7429618988400266,0.3459640443325043,1,1
113,val,0.1580066413592597,0.7900364520048603,0.8565459430665394,0.5472597299444003,0.9913669064748202,0.7052200614124873,0.9959577812710533,0.7217249796582588,0.8369503679939612,0.7429618988400266,0.3459640443325043,1,1
114,train,0.1243842568624482,0.8627543472201377,0.8632242687306577,0.787891226269882,0.9913919256262375,0.8780041548342831,0.9885083888761205,0.735056611835078,0.8431473449484183,0.7429618988400266,0.3459640443325043,1,1
114,val,0.1500832479207223,0.7992709599027946,0.861462302899747,0.5587516960651289,0.9875299760191847,0.7136915077989602,0.9942794279427942,0.7353946297803092,0.8454630495790459,0.7429618988400266,0.3459640443325043,1,1
115,train,0.12499026019987948,0.8614035463882159,0.8603015073251359,0.7877928566605901,0.9924300416772986,0.8783498946100572,0.9895398718928131,0.728172972972973,0.8389716506402272,0.7429618988400266,0.3459640443325043,1,1
115,val,0.159328528941764,0.7901579586877279,0.8559935452776916,0.5475053078556263,0.9894484412470024,0.7049376388177002,0.9950694755714926,0.7225386493083807,0.8371829923635336,0.7429618988400266,0.3459640443325043,1,1
116,train,0.12883089432335218,0.8504899333176097,0.8509796314684293,0.7714514567967159,0.9946213425129088,0.8689359622577675,0.9925041976493164,0.7073379204239497,0.8260012476606363,0.7429618988400266,0.3459640443325043,1,1
116,val,0.16392417783291052,0.7776427703523694,0.8479296302583645,0.5329032258064517,0.9904076738609112,0.6929530201342283,0.9954075774971297,0.7054515866558178,0.8257142857142857,0.7429618988400266,0.3459640443325043,1,1
117,train,0.1274589286356434,0.8552070155878128,0.855490167408554,0.7774530551916423,0.9944998281196288,0.8726833958635772,0.9924125666864256,0.7164805066974793,0.8321693963267639,0.7429618988400266,0.3459640443325043,1,1
117,val,0.16101162781619793,0.7848116646415553,0.8528887223825496,0.5411210057621791,0.9908872901678657,0.6999830594612909,0.9956935630099728,0.7148901545972335,0.8322440087145969,0.7429618988400266,0.3459640443325043,1,1
118,train,0.13174155723426484,0.8469306803319111,0.8470476976355175,0.7677068839859538,0.9945495901463457,0.8665283152915662,0.9922810429708868,0.6995458051246893,0.8205875700535297,0.7429618988400266,0.3459640443325043,1,1
118,val,0.16537579347629594,0.7731470230862697,0.845869699683703,0.5277777777777778,0.9932853717026379,0.6892993842569479,0.9967487227124942,0.698454027664768,0.8213568079609607,0.7429618988400266,0.3459640443325043,1,1
119,train,0.13441635050748113,0.8451296125560154,0.8451005569961816,0.7652990608007909,0.9956696964500086,0.8654157893756173,0.9938013992880815,0.6945314175423547,0.8176424549976016,0.7429618988400266,0.3459640443325043,1,1
119,val,0.1724931932741353,0.774726609963548,0.8464521466634667,0.5295774647887324,0.9918465227817745,0.6904841402337228,0.9960693641618497,0.7010577705451587,0.8229226361031519,0.7429618988400266,0.3459640443325043,1,1
120,train,0.12872094448961205,0.8526769441883403,0.8517016934556481,0.776438866881928,0.9933986371379898,0.8716204854169392,0.9906615254849982,0.7100047497733063,0.8271750886636315,0.7429618988400266,0.3459640443325043,1,1
120,val,0.16099034110004962,0.7799513973268529,0.8499509261589915,0.5354738477472812,0.9918465227817745,0.6954767109466958,0.9961080586080586,0.7080553295362083,0.8277370874155807,0.7429618988400266,0.3459640443325043,1,1
121,train,0.12596711753289572,0.8600098629902013,0.8602543546069238,0.7848032379851025,0.9913215329094346,0.8760559637033241,0.9882817032138299,0.729187176304413,0.8391911529272679,0.7429618988400266,0.3459640443325043,1,1
121,val,0.15599746909422543,0.7959902794653706,0.8598991595982775,0.5545698924731183,0.9894484412470024,0.7107665805340223,0.9951219512195122,0.7303498779495525,0.8424213984045049,0.7429618988400266,0.3459640443325043,1,1
122,train,0.131353906148263,0.8487746306738996,0.8494128266104086,0.7686376175756972,0.9960375570677922,0.8676859581652752,0.9944417593040116,0.7027880961530251,0.8235559002326571,0.7429618988400266,0.3459640443325043,1,1
122,val,0.16621958643089377,0.7754556500607533,0.8466234660766099,0.5304236200256739,0.9908872901678657,0.6909698996655518,0.9956170703575548,0.7023596419853539,0.8236641221374045,0.7429618988400266,0.3459640443325043,1,1
123,train,0.12971740667837717,0.8460301464439632,0.846168176543619,0.7660712516921452,0.9958794746330157,0.865988616217225,0.9941291585127201,0.6964568784542222,0.8190864888015519,0.7429618988400266,0.3459640443325043,1,1
123,val,0.16916968495124454,0.7693803159173754,0.8433473237683247,0.5236409608091024,0.9932853717026379,0.6857615894039736,0.9967251461988305,0.6934092758340114,0.8178502879078695,0.7429618988400266,0.3459640443325043,1,1
124,train,0.12692240606689512,0.854370805549004,0.8548709594702709,0.7768461460753612,0.9928986442866365,0.8716844253003854,0.9902608900956203,0.7168432746539053,0.8316561740940861,0.7429618988400266,0.3459640443325043,1,1
124,val,0.15736454831366117,0.7848116646415553,0.8530471635710146,0.5410994764397906,0.9913669064748202,0.7000846740050805,0.9959183673469387,0.7147274206672091,0.8322122216958787,0.7429618988400266,0.3459640443325043,1,1
125,train,0.12663935646617638,0.8610176032933811,0.8613065293541778,0.7867564150749992,0.9896419822065586,0.876613240948719,0.9861271010822013,0.732971076501797,0.8409090909090908,0.7429618988400266,0.3459640443325043,1,1
125,val,0.15007638078124091,0.7975698663426488,0.8609569301434361,0.5565147019152954,0.9894484412470024,0.7123618784530387,0.995135971700199,0.7324654190398698,0.8438320209973753,0.7429618988400266,0.3459640443325043,1,1
126,train,0.1358914288730257,0.838011106584618,0.8382629069502052,0.7570023204889368,0.9948458036251181,0.8597783923235398,0.9925196359556165,0.6816800102752922,0.8082438640574634,0.7429618988400266,0.3459640443325043,1,1
126,val,0.171107478571981,0.7595382746051033,0.837073481979266,0.5131188118811881,0.9942446043165467,0.6768979591836735,0.9971360381861575,0.6799023596419853,0.8085147556845669,0.7429618988400266,0.3459640443325043,1,1
127,train,0.13143630222883265,0.8549711614743026,0.8544231914567162,0.7790666487863752,0.9925679138903126,0.8729526671675432,0.9896496341681043,0.7162784690231196,0.8310604925320946,0.7429618988400266,0.3459640443325043,1,1
127,val,0.16097450531919555,0.782138517618469,0.850464884398421,0.5381002087682673,0.988968824940048,0.6969748183200946,0.9947703501591633,0.7119609438567941,0.8299345537323342,0.7429618988400266,0.3459640443325043,1,1
128,train,0.12135366104509182,0.8658204506957696,0.8651756788714947,0.7934415029888984,0.9909979094671274,0.8812839093978829,0.9878484220225754,0.739353448275862,0.8457252736416526,0.7429618988400266,0.3459640443325043,1,1
128,val,0.1449546261372572,0.8036452004860267,0.8642330724517213,0.564299424184261,0.9870503597122302,0.7180739706908583,0.9941086624481781,0.7414157851912123,0.8493661446681582,0.7429618988400266,0.3459640443325043,1,1
129,train,0.12658390657371496,0.8588305924226506,0.857996882546777,0.7837665176019636,0.9934790947449176,0.8762499060221036,0.9909456740442656,0.7225146703486365,0.8357039476967609,0.7429618988400266,0.3459640443325043,1,1
129,val,0.15887741739448627,0.794775212636695,0.8592439311366205,0.5530546623794212,0.9899280575539569,0.7096441464672512,0.9953312583370387,0.7285598047192839,0.8413041435685428,0.7429618988400266,0.3459640443325043,1,1
130,train,0.12374114336153945,0.8633547031454363,0.8632807895098015,0.7895779265127715,0.9909570136716239,0.8788794496075412,0.9878421204263901,0.735604565347979,0.8432650451292393,0.7429618988400266,0.3459640443325043,1,1
130,val,0.15163601175548094,0.7997569866342649,0.8627384178905858,0.5591659897102627,0.9904076738609112,0.7147802007615092,0.9955918007493939,0.7350691619202604,0.8457217749485115,0.7429618988400266,0.3459640443325043,1,1
131,train,0.12848341000251617,0.8523767662256909,0.8525547619952629,0.7746893941930947,0.9932589094031773,0.8704633967375967,0.9906425080462511,0.7118506145873484,0.828419767239016,0.7429618988400266,0.3459640443325043,1,1
131,val,0.15970206806031062,0.7818955042527339,0.8514112387876518,0.5376819126819127,0.992326139088729,0.6974549131973707,0.9963486992240986,0.7104963384865745,0.8294860834045786,0.7429618988400266,0.3459640443325043,1,1
132,train,0.12739907359806735,0.8558931366452969,0.8560941565992468,0.7794951403887689,0.9919690788060983,0.8729897764423531,0.9890045275474805,0.7202192343923953,0.8334778622928075,0.7429618988400266,0.3459640443325043,1,1
132,val,0.15867627808056944,0.7866342648845687,0.8542676680461977,0.5432325886990802,0.9913669064748202,0.701867572156197,0.9959322033898305,0.7171684296175752,0.8338694418164616,0.7429618988400266,0.3459640443325043,1,1
133,train,0.13449430860648184,0.843971783271511,0.8438839857671061,0.7640615748963884,0.9955427934684781,0.8645761607890573,0.9935948759007206,0.6922251780657341,0.8159724856485345,0.7429618988400266,0.3459640443325043,1,1
133,val,0.17076523484320427,0.7686512758201701,0.8431760043551815,0.5228247162673392,0.9942446043165467,0.685289256198347,0.9971864009378664,0.6921074043938161,0.8170989433237273,0.7429618988400266,0.3459640443325043,1,1
134,train,0.12972269896768107,0.8465018546709835,0.8465114573070314,0.766817476305274,0.995797238185093,0.8664340752625981,0.9940090475608265,0.6972256764289696,0.8195771062778799,0.7429618988400266,0.3459640443325043,1,1
134,val,0.16793045694164632,0.7701093560145807,0.8439939667468629,0.5244241964059732,0.9937649880095923,0.6865473823724321,0.9969619069876139,0.6942229454841334,0.818495778971604,0.7429618988400266,0.3459640443325043,1,1
135,train,0.1332800581695993,0.84527970153734,0.8453087000554947,0.7654410552349546,0.9955822431910787,0.8654735272184936,0.993686404315312,0.6950351569199108,0.817952469852162,0.7429618988400266,0.3459640443325043,1,1
135,val,0.17001661757507416,0.7651275820170109,0.8409748035582925,0.519019019019019,0.9947242206235012,0.6821246505508962,0.997401983939537,0.6872253864930838,0.8137585509201272,0.7429618988400266,0.3459640443325043,1,1
136,train,0.13400108655122103,0.8421063916464762,0.8417994674990048,0.7620700949885358,0.9957202773260293,0.8633664835980406,0.9937922900242101,0.6878786576719804,0.8130110202630644,0.7429618988400266,0.3459640443325043,1,1
136,val,0.172367726872932,0.7637910085054678,0.8399213257546931,0.5176029962546816,0.9942446043165467,0.6807881773399015,0.9971597633136094,0.6855980471928397,0.8125361620057859,0.7429618988400266,0.3459640443325043,1,1
137,train,0.12937303860604824,0.8484530114282038,0.848487552525147,0.7694553174550521,0.994938663464013,0.8677890011223345,0.9928454495846722,0.7020364415862809,0.8224923401476719,0.7429618988400266,0.3459640443325043,1,1
137,val,0.1674138837603723,0.7715674362089915,0.8449703703270093,0.526021832952526,0.9937649880095923,0.6879150066401062,0.9969704031694244,0.6961757526444263,0.8198543503257953,0.7429618988400266,0.3459640443325043,1,1
138,train,0.12667712393383948,0.8561504320418534,0.8562411938944188,0.7795936246925228,0.9927909371781668,0.8733696985711858,0.9900955076052352,0.7196914506106706,0.8335111794922698,0.7429618988400266,0.3459640443325043,1,1
138,val,0.15603738999308822,0.7891859052247874,0.8558179331229889,0.5462718138551031,0.9908872901678657,0.7042781660132947,0.9957284172661871,0.7207485760781123,0.8362125932219391,0.7429618988400266,0.3459640443325043,1,1
139,train,0.12939443375009746,0.8502969617701923,0.849586683514906,0.7723224631683496,0.9955191396748175,0.8698310898989523,0.9936108068638189,0.7036542273549944,0.8238647830474268,0.7429618988400266,0.3459640443325043,1,1
139,val,0.16445018760271524,0.777764277035237,0.8486447619772368,0.5329726944873776,0.992326139088729,0.69348081112787,0.9963201471941122,0.7049633848657445,0.825693319355761,0.7429618988400266,0.3459640443325043,1,1
140,train,0.13084216667712023,0.8478955380689981,0.84823495887089,0.7690234569955082,0.9934665807006232,0.8669542385596399,0.9908345393150024,0.7030033370411568,0.8224635867661044,0.7429618988400266,0.3459640443325043,1,1
140,val,0.16380060739534594,0.7778857837181045,0.848567687753784,0.5331270946120134,0.9918465227817745,0.6934942991281019,0.9960928522178809,0.7052888527257933,0.8258384146341464,0.7429618988400266,0.3459640443325043,1,1
141,train,0.12498413451683225,0.866013422243187,0.8666472628424757,0.7927258911301465,0.9893098840467262,0.8801748768000615,0.985978402216317,0.7439846416382253,0.8480560215916552,0.7429618988400266,0.3459640443325043,1,1
141,val,0.1497630477205082,0.8036452004860267,0.8639161900747913,0.5643700247049135,0.9860911270983214,0.7178770949720671,0.9936777850446915,0.7417412530512612,0.8494222884830414,0.7429618988400266,0.3459640443325043,1,1
142,train,0.124296849985986,0.8628829949184159,0.8635014499289435,0.7871955177479416,0.9928472940365392,0.8781417328836296,0.9904421925380009,0.7341556058213478,0.8432559621559352,0.7429618988400266,0.3459640443325043,1,1
142,val,0.15314384925915867,0.7968408262454435,0.8604687283533629,0.5556154053326151,0.9894484412470024,0.7116246981717834,0.995129510737215,0.7314890154597233,0.8431813918589384,0.7429618988400266,0.3459640443325043,1,1
143,train,0.1305783873983818,0.8487531893908532,0.8495831851348831,0.7694157731235595,0.9934871684278629,0.8672113248748164,0.9909591665668782,0.7056792018419032,0.8243350931367666,0.7429618988400266,0.3459640443325043,1,1
143,val,0.16456949398700116,0.7764277035236938,0.8475912841736375,0.5314829092778206,0.9918465227817745,0.6921017402945113,0.9960820465545056,0.7033360455655004,0.8244944677603968,0.7429618988400266,0.3459640443325043,1,1
144,train,0.1257715109199686,0.8555715173996012,0.8555980834170622,0.7787604667585836,0.9932661376796054,0.8730302344869184,0.9907111584427878,0.717930029154519,0.8325461144533387,0.7429618988400266,0.3459640443325043,1,1
144,val,0.15874946901749,0.7846901579586877,0.8526489142290723,0.5410007859575583,0.9904076738609112,0.6997627922738056,0.9954679356446862,0.7148901545972335,0.8321651827997728,0.7429618988400266,0.3459640443325043,1,1
145,train,0.12934312720699445,0.8510688479598619,0.8508390346664116,0.7734164139815402,0.9937491972427966,0.8698470993853995,0.991219629540534,0.7079288720900266,0.8259584064144324,0.7429618988400266,0.3459640443325043,1,1
145,val,0.15933225149444938,0.7804374240583232,0.8501179528305753,0.5360477178423236,0.9913669064748202,0.6958424507658644,0.9958847736625515,0.7088689991863304,0.8282156098488449,0.7429618988400266,0.3459640443325043,1,1
146,train,0.1251974150488283,0.8568794356654302,0.858031818785695,0.7791167385179402,0.9927335640138408,0.8730481751269518,0.990221187427241,0.7233300735575492,0.8359910562913093,0.7429618988400266,0.3459640443325043,1,1
146,val,0.15382435515178944,0.7885783718104495,0.855252657109463,0.5455746367239102,0.9904076738609112,0.7035775127768313,0.9955005624296963,0.7200976403580146,0.8356940509915013,0.7429618988400266,0.3459640443325043,1,1
147,train,0.12438368477674432,0.8630759664658333,0.8634038705061833,0.7882473522377861,0.9919174548581255,0.8784313725490197,0.9891761183718119,0.734890286154241,0.8432806518111319,0.7429618988400266,0.3459640443325043,1,1
147,val,0.15116600508678293,0.7964763061968408,0.8603830686467913,0.5551371705217859,0.9899280575539569,0.7113561950715147,0.995345744680851,0.7308380797396257,0.842826311344656,0.7429618988400266,0.3459640443325043,1,1
148,train,0.12944062461967076,0.8451724951221081,0.8442678199185656,0.7660146138471117,0.996589649586495,0.8662207977471886,0.9950372208436724,0.6919459902506363,0.8162642171954912,0.7429618988400266,0.3459640443325043,1,1
148,val,0.16866347363913478,0.7647630619684083,0.8402553790978609,0.5186576508890558,0.9932853717026379,0.6814741691345837,0.9966957753127212,0.6872253864930838,0.8135234058948181,0.7429618988400266,0.3459640443325043,1,1
149,train,0.1240616510853741,0.8622611977100709,0.861748043259393,0.7887151597552685,0.9911156671792243,0.8784070260448212,0.9879203205761078,0.7323804193395618,0.8411709439746823,0.7429618988400266,0.3459640443325043,1,1
149,val,0.14946204551370001,0.7980558930741191,0.8614408391919499,0.557085020242915,0.9899280575539569,0.7129533678756477,0.9953591160220995,0.7329536208299431,0.8442361761949392,0.7429618988400266,0.3459640443325043,1,1
150,train,0.11822791816931308,0.8762194729732627,0.8755586877959982,0.8082058075086276,0.9884464529331515,0.889285234834973,0.9849041889483066,0.7626709226588448,0.8596572262063936,0.7429618988400266,0.3459640443325043,1,1
150,val,0.14449065464162886,0.8130012150668287,0.869706122815336,0.5766853932584269,0.984652278177458,0.7273693534100973,0.9931477516059957,0.7547599674532139,0.8576976421636615,0.7429618988400266,0.3459640443325043,1,1
151,train,0.13610537728625532,0.8431998970818414,0.8440403633211238,0.7620918485258674,0.9953859422164726,0.8632547355036556,0.9934556574923548,0.692694784425775,0.8162516646146889,0.7429618988400266,0.3459640443325043,1,1
151,val,0.17289879022580307,0.7702308626974483,0.8437584513349451,0.5245818550430816,0.9928057553956835,0.6864533244901344,0.9964985994397759,0.6947111472742067,0.8186786844376258,0.7429618988400266,0.3459640443325043,1,1
152,train,0.12558718804114194,0.8617251656339115,0.8621020381955887,0.7863204171352622,0.9923017374849475,0.8773837817283011,0.9896507863089732,0.7319023389062299,0.8414816999729616,0.7429618988400266,0.3459640443325043,1,1
152,val,0.15319093189871036,0.7984204131227217,0.8618433812754516,0.5575053995680346,0.9904076738609112,0.713422007255139,0.9955810870525851,0.7332790886899918,0.8445319089120044,0.7429618988400266,0.3459640443325043,1,1
153,train,0.1255480719944283,0.8574797915907287,0.8578393700492826,0.7812203711228498,0.9920024078771983,0.8740836159048286,0.9891272578476648,0.7236763322213668,0.8358319543579739,0.7429618988400266,0.3459640443325043,1,1
153,val,0.15530499415076082,0.7908869987849332,0.8569570706331598,0.5483014861995754,0.9908872901678657,0.7059627541431744,0.9957418198117436,0.723026851098454,0.837748656547563,0.7429618988400266,0.3459640443325043,1,1
154,train,0.13044007449045647,0.8510045241107228,0.8504109477837767,0.7737473817202514,0.9938503587290741,0.8700951526367936,0.9913053978988045,0.7069715368384791,0.8253361819781325,0.7429618988400266,0.3459640443325043,1,1
154,val,0.16399358791250504,0.7770352369380316,0.8483150013756285,0.532133676092545,0.9928057553956835,0.6928870292887029,0.9965437788018433,0.7038242473555736,0.8249880782069623,0.7429618988400266,0.3459640443325043,1,1
155,train,0.1293634213469634,0.8507686699972127,0.8516615371249061,0.771620036857095,0.99378587148837,0.868723829642763,0.9914255091103966,0.709537202761442,0.827123695976155,0.7429618988400266,0.3459640443325043,1,1
155,val,0.15971765279190508,0.7815309842041313,0.8508502555156852,0.5373017936054069,0.9913669064748202,0.6968981793661498,0.9958932238193019,0.71033360455655,0.8292173252279635,0.7429618988400266,0.3459640443325043,1,1
156,train,0.13503893031993,0.844143313535882,0.8461600657794142,0.7614206452041596,0.9961749108928105,0.8631202334996706,0.9946795646916566,0.6961452206660178,0.8190575759838697,0.7429618988400266,0.3459640443325043,1,1
156,val,0.17212556134162524,0.7686512758201701,0.8430175631667165,0.5228362351753721,0.9937649880095923,0.6851851851851852,0.9969533630185142,0.6922701383238405,0.8171340760660776,0.7429618988400266,0.3459640443325043,1,1
157,train,0.12817331422008907,0.8512403782242329,0.8505318342435353,0.77374709591769,0.9948365622599642,0.8704727055485028,0.9926706644860379,0.7062271062271063,0.8253009014453342,0.7429618988400266,0.3459640443325043,1,1
157,val,0.1622622490725859,0.7750911300121507,0.8468546887469682,0.529969262295082,0.992326139088729,0.690933377859409,0.996301433194637,0.7013832384052074,0.8232260529080317,0.7429618988400266,0.3459640443325043,1,1
158,train,0.1296065626573894,0.8519050579986707,0.8521061042674971,0.7746034939476243,0.9920553122047582,0.8699467133630834,0.9889985727878211,0.7121568963302359,0.8280514824864945,0.7429618988400266,0.3459640443325043,1,1
158,val,0.15946514064384984,0.7818955042527339,0.8507774740337917,0.5377604166666666,0.9904076738609112,0.6970464135021097,0.9954441913439636,0.7111472742066721,0.8296155671570953,0.7429618988400266,0.3459640443325043,1,1
159,train,0.1238615097264646,0.8624112866913957,0.862145917939381,0.7879714576962283,0.992425215046861,0.8784590033524632,0.9897146841768842,0.731866620831901,0.8414811887058127,0.7429618988400266,0.3459640443325043,1,1
159,val,0.1571236707749952,0.7946537059538274,0.8594794465485383,0.5528498795825528,0.9908872901678657,0.7097217451047749,0.9957711996438905,0.7280716029292107,0.8411355517954503,0.7429618988400266,0.3459640443325043,1,1
160,train,0.13419423910418313,0.8421492742125689,0.8424082092172837,0.7616198803497469,0.9952749140893471,0.8629101337007933,0.9932169945119319,0.6895415043452202,0.8139781685870223,0.7429618988400266,0.3459640443325043,1,1
160,val,0.1720316536226655,0.7623329283110571,0.8384695986091517,0.5160807778608826,0.9928057553956835,0.6791338582677166,0.9964446551315478,0.68413344182262,0.811269780007719,0.7429618988400266,0.3459640443325043,1,1
161,train,0.12667161415192943,0.8579086172516563,0.8589864716733212,0.7803444644495023,0.9930399446653986,0.8739371112252468,0.9906406231833508,0.7249329986812438,0.8372104448647719,0.7429618988400266,0.3459640443325043,1,1
161,val,0.1598093602666009,0.7861482381530984,0.8534668766207538,0.5427294241388377,0.9899280575539569,0.7010869565217392,0.9952563812965891,0.7170056956875509,0.8335225122966327,0.7429618988400266,0.3459640443325043,1,1
162,train,0.13088703609622948,0.8469521216149575,0.8471141393328407,0.7673772011121409,0.9952777539280502,0.866594400627967,0.9933037073111342,0.6989505247376312,0.8205270039223576,0.7429618988400266,0.3459640443325043,1,1
162,val,0.16315094448381612,0.775820170109356,0.8473428905370415,0.5307850179579271,0.992326139088729,0.6916262744442586,0.9963065558633426,0.7023596419853539,0.823899971365849,0.7429618988400266,0.3459640443325043,1,1
163,train,0.12677031445756023,0.8556787238148331,0.8558822810070117,0.7785743134087237,0.9934721923985398,0.8729928109138253,0.9910202634843741,0.7182923696154835,0.832898885330553,0.7429618988400266,0.3459640443325043,1,1
163,val,0.16042655930194646,0.782138517618469,0.8512570903407461,0.5380010411244144,0.9913669064748202,0.6974860806478826,0.995897903372835,0.7111472742066721,0.8297730940852559,0.7429618988400266,0.3459640443325043,1,1
164,train,0.1267150625103745,0.8582516777803983,0.8581912420687372,0.782539628891067,0.9924132018859837,0.8750685035054897,0.9896199859254047,0.7239692822514908,0.8362032655286042,0.7429618988400266,0.3459640443325043,1,1
164,val,0.157992409540845,0.7896719319562576,0.8558265186061078,0.5468998410174881,0.9899280575539569,0.7045570916538658,0.9952872531418312,0.7217249796582588,0.8367135175926801,0.7429618988400266,0.3459640443325043,1,1
165,train,0.12605890152936897,0.8569437595145694,0.8572559610923958,0.7800391521533684,0.9933379179919195,0.8738609294059818,0.9908882487802011,0.7211740041928721,0.834786053882726,0.7429618988400266,0.3459640443325043,1,1
165,val,0.16034669749719405,0.7846901579586877,0.8528073554175374,0.5409793139565331,0.9908872901678657,0.6998644986449863,0.9956925867150306,0.7147274206672091,0.8321333838575218,0.7429618988400266,0.3459640443325043,1,1
166,train,0.12967369686028987,0.8559145779283432,0.855357157535862,0.7800818736997517,0.9929102246519177,0.8737221888153939,0.9901407614183049,0.7178040904198062,0.8322599970046428,0.7429618988400266,0.3459640443325043,1,1
166,val,0.15794114706220777,0.7888213851761847,0.8554153910394873,0.5458630716362675,0.9904076738609112,0.703817314246762,0.9955025860130425,0.7204231082180634,0.8359138972809668,0.7429618988400266,0.3459640443325043,1,1
167,train,0.12855561725061537,0.8535345955101953,0.8535255570992344,0.7759925018410658,0.994039706702114,0.8715856753454273,0.9917089173874143,0.7130114074963547,0.8295786243544645,0.7429618988400266,0.3459640443325043,1,1
167,val,0.16272531964002518,0.7806804374240583,0.8502806867605996,0.5363258951738453,0.9913669064748202,0.6960767806027951,0.9958866544789763,0.7091944670463791,0.828438361372493,0.7429618988400266,0.3459640443325043,1,1
168,train,0.13215680683538925,0.8514333497716503,0.8519785647751472,0.7734165324745035,0.9924663136596495,0.8693553556950809,0.9896025191610718,0.711490815890645,0.8278124301085957,0.7429618988400266,0.3459640443325043,1,1
168,val,0.16239802020433317,0.7837181044957473,0.8523148608859048,0.5398276312353095,0.9913669064748202,0.6990192762935408,0.9959100204498977,0.7132628152969894,0.8312156267779253,0.7429618988400266,0.3459640443325043,1,1
169,train,0.12653141686965885,0.8584232080447693,0.8578952582306041,0.7826701200847657,0.9939342161469458,0.8757409812002483,0.9916026020106445,0.7218563003142623,0.8354966491442236,0.7429618988400266,0.3459640443325043,1,1
169,val,0.15903026652437513,0.7851761846901579,0.8526574997121912,0.5416119716461013,0.9894484412470024,0.7000339328130301,0.9950237502827415,0.71586655817738,0.8326708309672535,0.7429618988400266,0.3459640443325043,1,1
170,train,0.1305794810862312,0.8501683140719141,0.8488776916979959,0.773561811505508,0.9939218769923918,0.870005208720887,0.9912858013406459,0.7038335064035999,0.8231870856738019,0.7429618988400266,0.3459640443325043,1,1
170,val,0.1684186156979453,0.7731470230862697,0.8453943761183079,0.5278203164880041,0.9918465227817745,0.6889888389138765,0.9960575139146568,0.6989422294548413,0.8214593095534092,0.7429618988400266,0.3459640443325043,1,1
171,train,0.1270572111579581,0.8591736529513926,0.8590451333180583,0.7838432381210234,0.9922457372975751,0.8758177349215353,0.9894096307998361,0.7258445293385415,0.8373774388432209,0.7429618988400266,0.3459640443325043,1,1
171,val,0.158512885971753,0.792588092345079,0.8580962081433308,0.5503462972828982,0.9908872901678657,0.7076554204487069,0.9957551385165326,0.7253051261187957,0.8392806703700216,0.7429618988400266,0.3459640443325043,1,1
172,train,0.12874257054622654,0.8499753425244967,0.8501390565015625,0.771419053964024,0.9942042673764651,0.8687562133063231,0.9918767675552079,0.7060738456266599,0.8249218065807582,0.7429618988400266,0.3459640443325043,1,1
172,val,0.164005107849945,0.7715674362089915,0.8446534879500793,0.5260482846251588,0.9928057553956835,0.6877076411960134,0.9965075669383003,0.6965012205044752,0.8199233716475096,0.7429618988400266,0.3459640443325043,1,1
173,train,0.1339894842803983,0.8460301464439632,0.8462299705621621,0.7666986786766897,0.9941600824458949,0.8657380573992708,0.9917285001824595,0.6982998586784291,0.8195411253235494,0.7429618988400266,0.3459640443325043,1,1
173,val,0.1669029656403844,0.7714459295261239,0.844096797419672,0.5259541984732824,0.9913669064748202,0.6872817955112219,0.9958139534883721,0.696826688364524,0.8199138343705122,0.7429618988400266,0.3459640443325043,1,1
174,train,0.1312570139580749,0.8476382426724415,0.8492635246932614,0.7663439065108514,0.9953165654813529,0.8659498207885303,0.9935286715800827,0.7032104839051698,0.8235323333664447,0.7429618988400266,0.3459640443325043,1,1
174,val,0.167392496976499,0.7733900364520049,0.8457155512367973,0.5280755487493619,0.992326139088729,0.6893220056638347,0.9962894248608535,0.6991049633848657,0.8216505689968442,0.7429618988400266,0.3459640443325043,1,1
175,train,0.12675224863593904,0.8562576384570852,0.8559172390699749,0.7797577099902682,0.9939684305086196,0.8739280878591845,0.9916270783847981,0.7178660476313301,0.83282629295297,0.7429618988400266,0.3459640443325043,1,1
175,val,0.15985575543211847,0.7823815309842042,0.8512613830823055,0.5383011985409067,0.9908872901678657,0.6976194496032416,0.9956739526411658,0.7116354759967454,0.830027522065104,0.7429618988400266,0.3459640443325043,1,1
176,train,0.12405320794123846,0.8629258774845087,0.8627300740190535,0.7890199018538713,0.9913508884607151,0.8786884001593959,0.9883203237930037,0.7341092595773921,0.8424554572562162,0.7429618988400266,0.3459640443325043,1,1
176,val,0.15256947392319417,0.7970838396111786,0.8603145799064573,0.5559751820879417,0.9884892086330935,0.7116712707182321,0.994693787309308,0.732139951179821,0.8434570678665166,0.7429618988400266,0.3459640443325043,1,1
177,train,0.12524865770790333,0.8555286348335084,0.8547813050834052,0.779521499079806,0.9936447003625507,0.8736546034127133,0.9911066014086188,0.7159179098042597,0.8313307299489336,0.7429618988400266,0.3459640443325043,1,1
177,val,0.15920431423085862,0.7876063183475092,0.8550770449547603,0.5443537773098184,0.9918465227817745,0.7029231815091775,0.9961633942676597,0.7183075671277461,0.8347201210287444,0.7429618988400266,0.3459640443325043,1,1
178,train,0.13212220701100566,0.846866356482772,0.8459123820910837,0.7688634192932188,0.9947164344454387,0.867327983355625,0.9923814204964365,0.6971083297367285,0.8189423515692339,0.7429618988400266,0.3459640443325043,1,1
178,val,0.17048316417241588,0.7703523693803159,0.8433644947345622,0.5247524752475248,0.9913669064748202,0.6862549800796813,0.995805173619203,0.6953620829943044,0.818896128784975,0.7429618988400266,0.3459640443325043,1,1
179,train,0.12730288276600488,0.8528699157357577,0.853642900336592,0.7742433912196433,0.9939200551938252,0.8704354065178808,0.9916409769978658,0.7133657454793586,0.8297946224823892,0.7429618988400266,0.3459640443325043,1,1
179,val,0.16339011744189813,0.7773997569866342,0.8480837787052702,0.5325946920896676,0.9913669064748202,0.6929265839758633,0.9958611174982754,0.7048006509357201,0.8254240518391461,0.7429618988400266,0.3459640443325043,1,1
180,train,0.12623029220785775,0.8539848624541693,0.8539225046711656,0.7773114886188142,0.9924132018859837,0.8717900444310566,0.9894974188571768,0.7154318074563474,0.8304367312384842,0.7429618988400266,0.3459640443325043,1,1
180,val,0.1585676054473636,0.7832320777642771,0.8516725106489259,0.5393053016453382,0.9904076738609112,0.6983429151166722,0.9954555782776642,0.7129373474369406,0.8308363360515835,0.7429618988400266,0.3459640443325043,1,1
181,train,0.13109544858973213,0.8527841506035722,0.8527751108103203,0.775397489539749,0.9933107499678402,0.8709301451236936,0.9906943450250537,0.7122394716528004,0.828701162616636,0.7429618988400266,0.3459640443325043,1,1
181,val,0.16064324397073193,0.7811664641555286,0.8501308310552534,0.5369406867845994,0.9899280575539569,0.696238826108956,0.9952120383036935,0.71033360455655,0.828981103408983,0.7429618988400266,0.3459640443325043,1,1
182,train,0.12727088294456038,0.855507193550462,0.8543512690542034,0.7803215133184052,0.9929403759462447,0.8738841583231964,0.9900705826055748,0.7157621621621622,0.830861129934995,0.7429618988400266,0.3459640443325043,1,1
182,val,0.15910690476436662,0.7799513973268529,0.8496340437820614,0.5355106272680145,0.9908872901678657,0.6952717482752817,0.9956541628545288,0.7083807973962571,0.8278026053056955,0.7429618988400266,0.3459640443325043,1,1
183,train,0.12983127046621604,0.848688865541714,0.8483577750334332,0.7699817971206354,0.99542187232586,0.8683076119208016,0.9934851436921578,0.7012936777410066,0.8222015066387847,0.7429618988400266,0.3459640443325043,1,1
183,val,0.16697536052214854,0.770595382746051,0.8436856698530517,0.525006346788525,0.9918465227817745,0.6865869853917663,0.9960382195292473,0.6955248169243288,0.8190877730931392,0.7429618988400266,0.3459640443325043,1,1
184,train,0.12962758722902687,0.8562361971740389,0.8562800059383704,0.7798901135942293,0.9924931365820179,0.873440419788973,0.9896888993636578,0.7200668752947229,0.8336187002158862,0.7429618988400266,0.3459640443325043,1,1
184,val,0.16057555118568903,0.7863912515188335,0.8533127281738482,0.5430603107716618,0.988968824940048,0.7011220673240395,0.9948116399729303,0.7176566314076485,0.8338060124787294,0.7429618988400266,0.3459640443325043,1,1
185,train,0.1251698184481498,0.8596668024614593,0.8592409685090319,0.7855157923275045,0.9907672579611028,0.8762830085250363,0.9873912789679529,0.727714679056961,0.8378947368421052,0.7429618988400266,0.3459640443325043,1,1
185,val,0.1547549584801258,0.7939246658566221,0.8586743623815349,0.5520192564856914,0.9899280575539569,0.7087912087912088,0.9953239812959251,0.7274206672091131,0.840541556976307,0.7429618988400266,0.3459640443325043,1,1
186,train,0.1259715146568027,0.8618538133321898,0.8618784804445966,0.7881344354122549,0.9897061977267854,0.8774932025174453,0.9861759115258337,0.7340507631624078,0.8416369669411331,0.7429618988400266,0.3459640443325043,1,1
186,val,0.151965755245955,0.7948967193195626,0.8585330921593075,0.5533458747648482,0.9875299760191847,0.709266276265932,0.9942337547127966,0.7295362082994304,0.8415618547024591,0.7429618988400266,0.3459640443325043,1,1
187,train,0.1357259452387717,0.8452153776882009,0.8464313149606784,0.7646393398988555,0.9937302719764777,0.8642611360773179,0.9912561056503648,0.6991323579448792,0.819952612545205,0.7429618988400266,0.3459640443325043,1,1
187,val,0.17112220278052773,0.7693803159173754,0.8428720002029295,0.5236768802228412,0.9918465227817745,0.6854491216440172,0.9960289651950479,0.6938974776240846,0.8179551122194514,0.7429618988400266,0.3459640443325043,1,1
188,train,0.1299955489157419,0.852891357018804,0.8533843670330701,0.7744043430179953,0.9944487477407694,0.8707398406149325,0.992320514346946,0.7123199863253707,0.829324112540113,0.7429618988400266,0.3459640443325043,1,1
188,val,0.16356012158521324,0.7797083839611179,0.849471309852037,0.5352331606217616,0.9908872901678657,0.6950378469301933,0.9956521739130435,0.7080553295362083,0.8275796481217309,0.7429618988400266,0.3459640443325043,1,1
189,train,0.12325516468153092,0.8676429597547117,0.8673160456418658,0.7952034584505593,0.991274966853428,0.8824794867401526,0.9883381924198251,0.7433571244303036,0.8485190547471229,0.7429618988400266,0.3459640443325043,1,1
189,val,0.15418598320910012,0.8035236938031591,0.8644685878636391,0.5640744797371303,0.988009592326139,0.7181453721457207,0.9945391000436872,0.7409275834011392,0.8492026485125431,0.7429618988400266,0.3459640443325043,1,1
190,train,0.11976940860654026,0.8703874439846481,0.8696133980386427,0.7989772103239978,0.9919887501597988,0.8850825998517194,0.9892589841741416,0.7472380459174867,0.8513829133374309,0.7429618988400266,0.3459640443325043,1,1
190,val,0.14847592163201814,0.8052247873633049,0.8656077253738099,0.5662451896646509,0.988009592326139,0.7199021492224358,0.9945557491289199,0.7432058584214809,0.8507031759336873,0.7429618988400266,0.3459640443325043,1,1
191,train,0.13232909573209758,0.848174274748601,0.8488606436929969,0.7688179211947463,0.9937093368951699,0.8669160072922736,0.9912264887927408,0.7040119504908238,0.8232886626238428,0.7429618988400266,0.3459640443325043,1,1
191,val,0.16739655966674716,0.7729040097205346,0.8453900833767485,0.5275369709331974,0.992326139088729,0.6888629931746297,0.9962859795728877,0.698454027664768,0.8211996556012627,0.7429618988400266,0.3459640443325043,1,1
192,train,0.13434689568491506,0.8429211604022385,0.8437142929272328,0.7620966410146316,0.9946975902056301,0.8629988405580281,0.9924825815914925,0.6927309956488354,0.8159481459149833,0.7429618988400266,0.3459640443325043,1,1
192,val,0.17041738178866167,0.7688942891859052,0.8428634147198109,0.5231235784685367,0.9928057553956835,0.6852035749751739,0.996489585771121,0.6929210740439382,0.8174313687847956,0.7429618988400266,0.3459640443325043,1,1
193,train,0.13294712536527561,0.8490748086365488,0.8500320071963348,0.769975219342308,0.9926607088891767,0.8672512965582273,0.9898670799308578,0.707403305503493,0.8251310461332075,0.7429618988400266,0.3459640443325043,1,1
193,val,0.16864829824949962,0.775820170109356,0.8467091257831814,0.5308483290488432,0.9904076738609112,0.6912133891213389,0.9953917050691244,0.7030105777054516,0.8240343347639486,0.7429618988400266,0.3459640443325043,1,1
194,train,0.125487181106493,0.8644053260147088,0.8642940127877476,0.7909712722298221,0.9909168808911739,0.8797261316089767,0.9878153916891775,0.7376711446843213,0.8446115288220553,0.7429618988400266,0.3459640443325043,1,1
194,val,0.15100147686853443,0.7991494532199271,0.8618562595001298,0.5585048754062839,0.988968824940048,0.7138653280249265,0.9949316879682679,0.7347436940602116,0.8452681830946364,0.7429618988400266,0.3459640443325043,1,1
195,train,0.13119467813068333,0.8490748086365488,0.8482932503649938,0.7718025182239894,0.9935167413094477,0.8687365967365968,0.990764931040768,0.7030697594205398,0.8224850578770836,0.7429618988400266,0.3459640443325043,1,1
195,val,0.1671776130560102,0.7731470230862697,0.845235934929843,0.5278345250255363,0.9913669064748202,0.6888851858023662,0.9958275382475661,0.6991049633848657,0.8214934506166939,0.7429618988400266,0.3459640443325043,1,1
196,train,0.1273736252158049,0.8548425137760244,0.8541390338878725,0.7791024782317482,0.992576158375288,0.8729783481556531,0.9896298945109959,0.7157019094004569,0.8306653326663332,0.7429618988400266,0.3459640443325043,1,1
196,val,0.16234187444678777,0.7804374240583232,0.8496426292651802,0.5361038961038961,0.9899280575539569,0.6955349620893008,0.9952054794520548,0.7093572009764035,0.828313539192399,0.7429618988400266,0.3459640443325043,1,1
197,train,0.13431326106656194,0.8484530114282038,0.8495805354723852,0.7689295039164491,0.9928682572614108,0.8666666666666667,0.9901580674023263,0.7062928136833596,0.8244760107281216,0.7429618988400266,0.3459640443325043,1,1
197,val,0.16584871240765905,0.7759416767922236,0.8471073751251237,0.530952992550732,0.9913669064748202,0.6915356306457009,0.9958496656675121,0.7028478437754272,0.8240793741652357,0.7429618988400266,0.3459640443325043,1,1
198,train,0.13647939045629262,0.8447651107442269,0.8458507079321261,0.7636900026518165,0.9952051835853132,0.8642109606511873,0.9932608827636452,0.6964962322789391,0.8188188188188188,0.7429618988400266,0.3459640443325043,1,1
198,val,0.1715526288001824,0.7676792223572296,0.8418913038812237,0.5218158890290038,0.992326139088729,0.6839669421487604,0.9962485345838218,0.6914564686737185,0.8163304514889529,0.7429618988400266,0.3459640443325043,1,1
199,train,0.12566889743646434,0.8639765003537812,0.8641067799601058,0.791404504039883,0.9881090362738785,0.878885070637648,0.9842201207701948,0.7401045236463331,0.8448823903369357,0.7429618988400266,0.3459640443325043,1,1
199,val,0.1509593272955131,0.8051032806804375,0.8648925936549378,0.5662351969154503,0.9860911270983214,0.7193841847445767,0.9936942813655142,0.7436940602115542,0.8507073715562175,0.7429618988400266,0.3459640443325043,1,1
200,train,0.1272427481556918,0.8547567486438389,0.8543167064917588,0.778067797744537,0.9939298080622408,0.8728508146257227,0.9915254237288136,0.7147036049212768,0.8306584670766464,0.7429618988400266,0.3459640443325043,1,1
200,val,0.16440852059918215,0.7801944106925881,0.8497967777120858,0.5357883817427386,0.9908872901678657,0.6955058071031812,0.9956561499771376,0.708706265256306,0.8280254777070064,0.7429618988400266,0.3459640443325043,1,1
